node_id,name,frequency,in_degree,out_degree
0,ENSG00000001036,0.166333,1,3
1,ENSG00000001497,0.146293,8,24
2,ENSG00000001629,0.116232,32,58
3,ENSG00000001631,0.158317,36,18
4,ENSG00000002330,0.150301,31,10
5,ENSG00000002549,0.106212,1,2
6,ENSG00000002586,0.152305,3,22
7,ENSG00000002822,0.212425,22,8
8,ENSG00000003056,0.152305,44,33
9,ENSG00000003096,0.344689,38,6
10,ENSG00000003147,0.194389,0,26
11,ENSG00000003249,0.390782,17,0
12,ENSG00000004059,0.156313,17,24
13,ENSG00000004142,0.168337,12,28
14,ENSG00000004455,0.142285,0,16
15,ENSG00000004534,0.11022,2,62
16,ENSG00000004700,0.130261,22,37
17,ENSG00000004776,0.136273,7,31
18,ENSG00000004799,0.170341,0,40
19,ENSG00000004838,0.370741,55,0
20,ENSG00000004848,0.112224,0,17
21,ENSG00000005007,0.134269,0,43
22,ENSG00000005100,0.200401,11,6
23,ENSG00000005156,0.392786,104,2
24,ENSG00000005194,0.122244,0,40
25,ENSG00000005206,0.130261,2,139
26,ENSG00000005238,0.42485,18,0
27,ENSG00000005243,0.190381,11,23
28,ENSG00000005436,0.234469,5,3
29,ENSG00000005448,0.142285,7,57
30,ENSG00000005483,0.142285,33,20
31,ENSG00000005513,0.344689,3,0
32,ENSG00000005700,0.126253,5,17
33,ENSG00000005884,0.346693,69,3
34,ENSG00000005889,0.122244,18,95
35,ENSG00000006015,0.400802,85,3
36,ENSG00000006210,0.126253,3,43
37,ENSG00000006282,0.202405,3,10
38,ENSG00000006453,0.186373,0,23
39,ENSG00000006459,0.162325,10,1
40,ENSG00000006530,0.236473,13,7
41,ENSG00000006576,0.218437,25,11
42,ENSG00000006704,0.124248,0,26
43,ENSG00000006712,0.142285,7,64
44,ENSG00000006747,0.134269,0,15
45,ENSG00000007080,0.126253,25,53
46,ENSG00000007202,0.136273,2,25
47,ENSG00000007255,0.162325,25,26
48,ENSG00000007264,0.422846,14,0
49,ENSG00000007376,0.288577,58,9
50,ENSG00000007384,0.114228,0,48
51,ENSG00000007402,0.188377,0,7
52,ENSG00000007516,0.328657,4,1
53,ENSG00000007520,0.228457,67,27
54,ENSG00000007541,0.206413,35,18
55,ENSG00000007866,0.106212,0,46
56,ENSG00000007908,0.146293,0,18
57,ENSG00000007923,0.158317,2,26
58,ENSG00000008083,0.192385,13,2
59,ENSG00000008130,0.222445,0,4
60,ENSG00000008256,0.196393,0,4
61,ENSG00000008282,0.242485,32,2
62,ENSG00000008294,0.150301,24,33
63,ENSG00000008324,0.140281,0,33
64,ENSG00000008513,0.144289,6,76
65,ENSG00000008735,0.246493,1,2
66,ENSG00000008869,0.194389,26,6
67,ENSG00000008952,0.168337,7,7
68,ENSG00000008988,0.104208,1,138
69,ENSG00000009335,0.294589,22,0
70,ENSG00000009413,0.228457,75,21
71,ENSG00000009694,0.210421,0,4
72,ENSG00000010072,0.140281,20,25
73,ENSG00000010361,0.188377,11,12
74,ENSG00000010404,0.300601,82,4
75,ENSG00000010626,0.106212,0,49
76,ENSG00000010704,0.468938,156,1
77,ENSG00000010803,0.160321,0,14
78,ENSG00000010810,0.172345,10,17
79,ENSG00000011007,0.126253,0,23
80,ENSG00000011009,0.1002,0,122
81,ENSG00000011114,0.142285,25,15
82,ENSG00000011143,0.300601,13,0
83,ENSG00000011258,0.132265,7,15
84,ENSG00000011304,0.136273,1,50
85,ENSG00000011376,0.162325,0,29
86,ENSG00000011405,0.164329,54,18
87,ENSG00000011451,0.186373,7,3
88,ENSG00000011454,0.142285,32,47
89,ENSG00000011465,0.132265,6,13
90,ENSG00000011478,0.226453,22,11
91,ENSG00000011485,0.132265,0,51
92,ENSG00000012061,0.146293,28,31
93,ENSG00000012223,0.11022,0,21
94,ENSG00000012822,0.108216,4,88
95,ENSG00000012983,0.122244,22,41
96,ENSG00000013306,0.172345,20,40
97,ENSG00000013503,0.122244,0,17
98,ENSG00000013583,0.188377,0,2
99,ENSG00000014123,0.180361,26,8
100,ENSG00000014164,0.122244,1,34
101,ENSG00000014914,0.212425,21,13
102,ENSG00000015133,0.126253,0,27
103,ENSG00000015171,0.11022,10,58
104,ENSG00000016391,0.104208,0,45
105,ENSG00000016402,0.214429,1,2
106,ENSG00000017260,0.166333,0,7
107,ENSG00000017483,0.236473,17,12
108,ENSG00000018510,0.348697,65,2
109,ENSG00000019485,0.372745,121,3
110,ENSG00000019549,0.318637,51,12
111,ENSG00000019995,0.148297,40,27
112,ENSG00000020129,0.276553,16,4
113,ENSG00000021645,0.577154,129,0
114,ENSG00000021762,0.160321,0,7
115,ENSG00000021776,0.156313,33,18
116,ENSG00000022840,0.136273,0,3
117,ENSG00000022976,0.156313,0,20
118,ENSG00000023228,0.122244,13,41
119,ENSG00000023287,0.262525,23,0
120,ENSG00000023318,0.156313,0,1
121,ENSG00000023516,0.324649,87,5
122,ENSG00000023697,0.326653,46,2
123,ENSG00000023734,0.112224,0,3
124,ENSG00000023909,0.138277,9,22
125,ENSG00000024048,0.11022,27,40
126,ENSG00000024422,0.276553,39,11
127,ENSG00000025423,0.270541,3,1
128,ENSG00000025708,0.1002,0,12
129,ENSG00000025770,0.112224,19,76
130,ENSG00000025796,0.118236,5,42
131,ENSG00000026103,0.280561,38,5
132,ENSG00000026297,0.12024,4,107
133,ENSG00000026508,0.144289,1,29
134,ENSG00000027001,0.248497,17,1
135,ENSG00000027847,0.150301,30,36
136,ENSG00000028203,0.11022,0,19
137,ENSG00000028310,0.148297,0,11
138,ENSG00000028528,0.156313,19,14
139,ENSG00000029725,0.140281,2,15
140,ENSG00000030066,0.132265,25,33
141,ENSG00000030582,0.106212,0,9
142,ENSG00000031003,0.220441,69,10
143,ENSG00000032219,0.126253,26,59
144,ENSG00000032389,0.162325,1,42
145,ENSG00000033050,0.138277,0,22
146,ENSG00000033100,0.342685,10,0
147,ENSG00000033800,0.232465,80,15
148,ENSG00000034053,0.222445,15,8
149,ENSG00000034510,0.106212,0,82
150,ENSG00000034693,0.150301,11,3
151,ENSG00000035403,0.156313,23,49
152,ENSG00000035681,0.212425,5,3
153,ENSG00000037474,0.332665,47,2
154,ENSG00000037749,0.132265,53,28
155,ENSG00000037757,0.12024,0,8
156,ENSG00000037897,0.348697,98,2
157,ENSG00000038274,0.210421,29,11
158,ENSG00000039123,0.156313,24,30
159,ENSG00000039139,0.428858,47,1
160,ENSG00000039560,0.194389,16,23
161,ENSG00000039650,0.176353,13,58
162,ENSG00000040341,0.176353,8,5
163,ENSG00000040487,0.226453,32,15
164,ENSG00000041802,0.142285,2,17
165,ENSG00000041880,0.330661,24,4
166,ENSG00000041982,0.12024,0,98
167,ENSG00000042088,0.166333,3,10
168,ENSG00000042286,0.216433,0,24
169,ENSG00000042753,0.332665,68,1
170,ENSG00000043355,0.112224,0,20
171,ENSG00000044090,0.152305,0,26
172,ENSG00000044446,0.124248,0,17
173,ENSG00000046653,0.236473,18,14
174,ENSG00000047346,0.108216,1,58
175,ENSG00000047579,0.122244,5,66
176,ENSG00000047932,0.198397,47,8
177,ENSG00000048140,0.192385,4,9
178,ENSG00000048162,0.172345,6,24
179,ENSG00000048392,0.12024,9,67
180,ENSG00000048405,0.124248,24,31
181,ENSG00000048649,0.116232,29,72
182,ENSG00000048740,0.212425,25,22
183,ENSG00000048828,0.218437,28,6
184,ENSG00000049130,0.422846,71,0
185,ENSG00000049246,0.152305,3,38
186,ENSG00000049656,0.136273,1,46
187,ENSG00000049860,0.104208,0,2
188,ENSG00000050165,0.208417,21,18
189,ENSG00000050344,0.128257,0,5
190,ENSG00000050426,0.134269,0,10
191,ENSG00000050748,0.224449,3,3
192,ENSG00000050767,0.258517,25,14
193,ENSG00000051128,0.172345,18,14
194,ENSG00000051523,0.114228,0,51
195,ENSG00000051620,0.150301,0,58
196,ENSG00000051825,0.114228,0,33
197,ENSG00000052126,0.214429,35,3
198,ENSG00000052344,0.164329,3,17
199,ENSG00000052749,0.312625,18,1
200,ENSG00000052795,0.178357,9,6
201,ENSG00000053254,0.222445,37,20
202,ENSG00000053372,0.188377,24,15
203,ENSG00000053747,0.266533,38,7
204,ENSG00000053770,0.204409,48,5
205,ENSG00000054118,0.106212,0,28
206,ENSG00000054392,0.270541,33,2
207,ENSG00000054598,0.140281,6,26
208,ENSG00000054690,0.248497,16,6
209,ENSG00000055211,0.282565,42,1
210,ENSG00000056097,0.152305,38,11
211,ENSG00000056487,0.220441,1,4
212,ENSG00000056586,0.114228,5,24
213,ENSG00000057019,0.344689,109,6
214,ENSG00000057252,0.11022,0,14
215,ENSG00000057294,0.11022,3,80
216,ENSG00000058063,0.194389,33,4
217,ENSG00000058085,0.272545,2,0
218,ENSG00000058262,0.172345,1,7
219,ENSG00000058272,0.178357,46,27
220,ENSG00000058600,0.466934,62,0
221,ENSG00000058668,0.390782,129,5
222,ENSG00000058804,0.240481,17,2
223,ENSG00000059145,0.198397,4,9
224,ENSG00000059378,0.368737,14,0
225,ENSG00000059573,0.172345,0,25
226,ENSG00000059588,0.388778,68,1
227,ENSG00000059758,0.144289,1,10
228,ENSG00000060491,0.212425,21,10
229,ENSG00000060749,0.240481,21,12
230,ENSG00000060762,0.226453,0,0
231,ENSG00000061676,0.140281,35,38
232,ENSG00000061938,0.180361,2,24
233,ENSG00000062582,0.154309,10,27
234,ENSG00000062598,0.144289,0,26
235,ENSG00000063046,0.184369,5,2
236,ENSG00000063169,0.132265,0,38
237,ENSG00000063176,0.152305,0,25
238,ENSG00000063177,0.220441,74,7
239,ENSG00000063180,0.146293,5,35
240,ENSG00000063241,0.206413,35,11
241,ENSG00000063244,0.408818,76,0
242,ENSG00000063245,0.252505,48,4
243,ENSG00000063322,0.108216,0,11
244,ENSG00000063761,0.220441,3,4
245,ENSG00000063854,0.198397,14,12
246,ENSG00000063978,0.198397,0,8
247,ENSG00000064042,0.228457,35,3
248,ENSG00000064313,0.246493,20,2
249,ENSG00000064393,0.182365,20,7
250,ENSG00000064490,0.134269,17,31
251,ENSG00000064545,0.138277,10,93
252,ENSG00000064547,0.148297,3,39
253,ENSG00000064607,0.116232,0,56
254,ENSG00000064666,0.128257,1,44
255,ENSG00000064933,0.158317,0,15
256,ENSG00000064961,0.372745,83,4
257,ENSG00000065000,0.112224,0,40
258,ENSG00000065029,0.202405,4,25
259,ENSG00000065054,0.250501,43,16
260,ENSG00000065057,0.308617,57,1
261,ENSG00000065060,0.230461,29,0
262,ENSG00000065154,0.527054,168,0
263,ENSG00000065243,0.150301,26,15
264,ENSG00000065268,0.158317,16,24
265,ENSG00000065308,0.178357,3,2
266,ENSG00000065357,0.160321,1,29
267,ENSG00000065361,0.234469,1,4
268,ENSG00000065427,0.106212,0,19
269,ENSG00000065491,0.140281,2,17
270,ENSG00000065600,0.132265,0,2
271,ENSG00000065609,0.164329,1,7
272,ENSG00000065833,0.346693,17,1
273,ENSG00000065882,0.326653,40,9
274,ENSG00000065911,0.136273,1,5
275,ENSG00000065970,0.114228,3,105
276,ENSG00000065989,0.354709,62,5
277,ENSG00000066027,0.148297,1,9
278,ENSG00000066084,0.122244,7,43
279,ENSG00000066117,0.132265,0,24
280,ENSG00000066185,0.148297,0,2
281,ENSG00000066455,0.114228,0,24
282,ENSG00000066468,0.156313,3,28
283,ENSG00000066827,0.222445,16,2
284,ENSG00000066855,0.168337,2,9
285,ENSG00000067082,0.150301,2,18
286,ENSG00000067141,0.104208,0,104
287,ENSG00000067177,0.164329,2,21
288,ENSG00000067208,0.138277,22,25
289,ENSG00000067369,0.174349,54,17
290,ENSG00000067445,0.210421,18,17
291,ENSG00000067704,0.260521,21,2
292,ENSG00000067829,0.188377,35,33
293,ENSG00000067900,0.106212,12,117
294,ENSG00000067955,0.124248,0,12
295,ENSG00000068028,0.124248,1,35
296,ENSG00000068120,0.176353,24,27
297,ENSG00000068305,0.230461,86,15
298,ENSG00000068308,0.166333,3,5
299,ENSG00000068366,0.156313,18,50
300,ENSG00000068394,0.136273,2,28
301,ENSG00000068400,0.174349,1,13
302,ENSG00000068615,0.158317,2,18
303,ENSG00000068650,0.210421,16,7
304,ENSG00000068654,0.206413,21,7
305,ENSG00000068745,0.160321,0,32
306,ENSG00000068903,0.128257,0,17
307,ENSG00000069020,0.146293,6,50
308,ENSG00000069188,0.164329,0,5
309,ENSG00000069431,0.172345,31,34
310,ENSG00000069667,0.172345,29,16
311,ENSG00000069702,0.292585,82,11
312,ENSG00000069712,0.160321,16,19
313,ENSG00000069956,0.126253,4,27
314,ENSG00000069966,0.316633,35,3
315,ENSG00000070061,0.250501,36,4
316,ENSG00000070193,0.262525,51,10
317,ENSG00000070214,0.276553,60,8
318,ENSG00000070423,0.340681,47,2
319,ENSG00000070501,0.132265,0,5
320,ENSG00000070601,0.170341,0,3
321,ENSG00000070610,0.158317,0,27
322,ENSG00000070614,0.172345,4,8
323,ENSG00000070669,0.468938,149,0
324,ENSG00000070718,0.11022,0,21
325,ENSG00000070778,0.156313,19,32
326,ENSG00000071073,0.12024,0,6
327,ENSG00000071127,0.156313,5,31
328,ENSG00000071537,0.258517,17,3
329,ENSG00000071553,0.172345,0,6
330,ENSG00000071564,0.128257,0,22
331,ENSG00000071626,0.318637,64,4
332,ENSG00000071655,0.176353,35,43
333,ENSG00000071794,0.1002,0,39
334,ENSG00000071859,0.334669,65,8
335,ENSG00000071889,0.138277,10,78
336,ENSG00000071967,0.188377,5,22
337,ENSG00000071994,0.166333,2,10
338,ENSG00000072135,0.346693,1,0
339,ENSG00000072195,0.192385,11,14
340,ENSG00000072201,0.174349,0,17
341,ENSG00000072364,0.172345,67,29
342,ENSG00000072506,0.178357,39,20
343,ENSG00000072518,0.160321,0,35
344,ENSG00000072682,0.272545,14,2
345,ENSG00000072756,0.136273,1,10
346,ENSG00000073146,0.326653,20,1
347,ENSG00000073150,0.162325,0,32
348,ENSG00000073169,0.250501,60,22
349,ENSG00000073417,0.126253,7,99
350,ENSG00000073536,0.166333,1,41
351,ENSG00000073614,0.140281,27,24
352,ENSG00000073711,0.47495,76,0
353,ENSG00000073756,0.224449,8,6
354,ENSG00000073969,0.274549,28,3
355,ENSG00000074071,0.428858,72,3
356,ENSG00000074211,0.154309,0,0
357,ENSG00000074370,0.180361,2,14
358,ENSG00000074527,0.316633,64,6
359,ENSG00000074582,0.386774,127,5
360,ENSG00000074603,0.256513,95,5
361,ENSG00000074695,0.102204,0,21
362,ENSG00000074842,0.202405,38,15
363,ENSG00000074855,0.232465,22,6
364,ENSG00000075292,0.126253,2,16
365,ENSG00000075336,0.250501,6,0
366,ENSG00000075415,0.166333,2,9
367,ENSG00000075420,0.252505,78,6
368,ENSG00000075624,0.1002,0,46
369,ENSG00000075651,0.368737,61,1
370,ENSG00000075711,0.124248,28,26
371,ENSG00000075826,0.140281,2,44
372,ENSG00000075914,0.108216,4,84
373,ENSG00000076043,0.168337,0,16
374,ENSG00000076053,0.122244,0,2
375,ENSG00000076067,0.158317,15,34
376,ENSG00000076108,0.108216,1,40
377,ENSG00000076201,0.216433,5,1
378,ENSG00000076344,0.432866,104,0
379,ENSG00000076604,0.122244,0,52
380,ENSG00000076685,0.108216,13,75
381,ENSG00000076770,0.332665,31,0
382,ENSG00000076826,0.322645,35,2
383,ENSG00000076944,0.282565,48,8
384,ENSG00000077063,0.318637,55,7
385,ENSG00000077150,0.222445,0,3
386,ENSG00000077238,0.176353,2,22
387,ENSG00000077274,0.392786,59,0
388,ENSG00000077312,0.124248,17,80
389,ENSG00000077348,0.11022,1,191
390,ENSG00000077454,0.142285,0,9
391,ENSG00000077463,0.160321,26,38
392,ENSG00000077585,0.182365,3,1
393,ENSG00000077684,0.250501,3,1
394,ENSG00000078018,0.114228,0,21
395,ENSG00000078070,0.258517,5,0
396,ENSG00000078124,0.126253,0,12
397,ENSG00000078142,0.138277,7,15
398,ENSG00000078246,0.108216,6,161
399,ENSG00000078269,0.198397,4,6
400,ENSG00000078304,0.312625,55,5
401,ENSG00000078401,0.192385,3,10
402,ENSG00000078596,0.204409,8,12
403,ENSG00000078618,0.492986,128,0
404,ENSG00000078674,0.244489,39,12
405,ENSG00000078725,0.274549,7,0
406,ENSG00000078747,0.138277,45,53
407,ENSG00000078808,0.258517,4,3
408,ENSG00000078902,0.118236,0,16
409,ENSG00000079134,0.202405,16,5
410,ENSG00000079215,0.228457,19,11
411,ENSG00000079308,0.276553,59,14
412,ENSG00000079819,0.240481,41,9
413,ENSG00000079974,0.154309,2,18
414,ENSG00000079999,0.140281,3,117
415,ENSG00000080189,0.146293,7,48
416,ENSG00000080200,0.156313,46,29
417,ENSG00000080224,0.140281,2,10
418,ENSG00000080298,0.112224,0,28
419,ENSG00000080493,0.122244,0,16
420,ENSG00000080503,0.170341,41,6
421,ENSG00000080561,0.12024,18,51
422,ENSG00000080608,0.144289,2,19
423,ENSG00000080709,0.202405,1,10
424,ENSG00000080823,0.182365,2,29
425,ENSG00000081019,0.140281,36,17
426,ENSG00000081026,0.124248,0,13
427,ENSG00000081059,0.162325,7,19
428,ENSG00000081087,0.11022,0,128
429,ENSG00000081177,0.292585,13,0
430,ENSG00000081277,0.128257,0,17
431,ENSG00000081377,0.230461,19,6
432,ENSG00000081692,0.330661,56,1
433,ENSG00000081791,0.178357,1,19
434,ENSG00000081803,0.274549,6,0
435,ENSG00000082014,0.308617,40,11
436,ENSG00000082258,0.126253,14,59
437,ENSG00000082397,0.316633,36,6
438,ENSG00000082438,0.104208,0,7
439,ENSG00000082458,0.134269,0,16
440,ENSG00000082512,0.166333,2,24
441,ENSG00000082805,0.116232,13,68
442,ENSG00000082898,0.114228,0,45
443,ENSG00000083097,0.174349,40,16
444,ENSG00000083123,0.142285,0,12
445,ENSG00000083168,0.124248,26,65
446,ENSG00000083223,0.462926,150,0
447,ENSG00000083307,0.116232,1,11
448,ENSG00000083312,0.132265,14,15
449,ENSG00000083454,0.158317,0,8
450,ENSG00000083520,0.234469,27,4
451,ENSG00000083535,0.172345,19,9
452,ENSG00000083799,0.194389,54,13
453,ENSG00000083807,0.264529,74,5
454,ENSG00000083838,0.370741,79,2
455,ENSG00000083857,0.180361,13,9
456,ENSG00000084073,0.176353,0,17
457,ENSG00000084093,0.108216,18,50
458,ENSG00000084207,0.292585,46,17
459,ENSG00000084234,0.106212,0,18
460,ENSG00000084463,0.134269,0,17
461,ENSG00000084623,0.186373,7,17
462,ENSG00000084652,0.168337,0,3
463,ENSG00000084693,0.114228,0,18
464,ENSG00000084731,0.144289,2,43
465,ENSG00000084774,0.180361,3,14
466,ENSG00000085063,0.102204,0,107
467,ENSG00000085224,0.136273,31,25
468,ENSG00000085365,0.162325,16,3
469,ENSG00000085377,0.194389,5,6
470,ENSG00000085382,0.130261,18,49
471,ENSG00000085433,0.140281,34,43
472,ENSG00000085449,0.106212,0,37
473,ENSG00000085465,0.130261,0,23
474,ENSG00000085491,0.204409,39,15
475,ENSG00000085644,0.148297,0,8
476,ENSG00000085733,0.246493,1,1
477,ENSG00000085760,0.144289,1,19
478,ENSG00000085831,0.104208,0,2
479,ENSG00000085871,0.248497,18,1
480,ENSG00000085872,0.158317,1,23
481,ENSG00000085982,0.148297,0,6
482,ENSG00000085998,0.104208,0,51
483,ENSG00000086015,0.312625,22,2
484,ENSG00000086232,0.430862,101,0
485,ENSG00000086504,0.140281,28,28
486,ENSG00000086506,0.156313,0,9
487,ENSG00000086712,0.146293,28,18
488,ENSG00000086717,0.298597,2,0
489,ENSG00000086730,0.184369,1,17
490,ENSG00000086827,0.118236,0,22
491,ENSG00000086991,0.166333,3,1
492,ENSG00000087086,0.170341,25,4
493,ENSG00000087088,0.288577,40,3
494,ENSG00000087191,0.308617,68,5
495,ENSG00000087245,0.134269,6,27
496,ENSG00000087253,0.276553,52,15
497,ENSG00000087258,0.194389,21,18
498,ENSG00000087299,0.200401,31,10
499,ENSG00000087302,0.208417,27,7
500,ENSG00000087338,0.108216,0,35
501,ENSG00000087365,0.114228,0,30
502,ENSG00000088035,0.270541,0,3
503,ENSG00000088038,0.146293,0,58
504,ENSG00000088205,0.148297,19,41
505,ENSG00000088367,0.126253,5,111
506,ENSG00000088448,0.182365,8,16
507,ENSG00000088543,0.178357,0,29
508,ENSG00000088727,0.412826,99,0
509,ENSG00000088826,0.106212,0,51
510,ENSG00000088854,0.210421,69,22
511,ENSG00000088881,0.122244,0,35
512,ENSG00000088888,0.130261,1,21
513,ENSG00000089009,0.212425,25,5
514,ENSG00000089022,0.226453,7,6
515,ENSG00000089053,0.308617,11,10
516,ENSG00000089060,0.264529,0,1
517,ENSG00000089127,0.102204,0,11
518,ENSG00000089154,0.214429,21,5
519,ENSG00000089157,0.160321,7,10
520,ENSG00000089199,0.246493,1,2
521,ENSG00000089220,0.108216,0,26
522,ENSG00000089248,0.102204,0,106
523,ENSG00000089280,0.214429,7,6
524,ENSG00000089351,0.226453,2,16
525,ENSG00000089682,0.152305,42,22
526,ENSG00000089723,0.380762,57,1
527,ENSG00000089876,0.238477,2,4
528,ENSG00000090061,0.130261,47,25
529,ENSG00000090097,0.118236,1,45
530,ENSG00000090238,0.310621,4,0
531,ENSG00000090263,0.132265,1,58
532,ENSG00000090316,0.264529,10,2
533,ENSG00000090372,0.136273,0,40
534,ENSG00000090376,0.264529,63,11
535,ENSG00000090530,0.184369,6,26
536,ENSG00000090539,0.156313,0,2
537,ENSG00000090565,0.348697,68,2
538,ENSG00000090581,0.106212,0,86
539,ENSG00000090615,0.234469,9,3
540,ENSG00000090621,0.132265,0,22
541,ENSG00000090661,0.372745,69,0
542,ENSG00000090674,0.12024,0,47
543,ENSG00000090686,0.114228,0,23
544,ENSG00000090776,0.382766,62,3
545,ENSG00000090861,0.172345,0,6
546,ENSG00000090932,0.332665,14,0
547,ENSG00000090971,0.118236,3,69
548,ENSG00000091127,0.148297,2,19
549,ENSG00000091136,0.162325,6,45
550,ENSG00000091157,0.208417,47,10
551,ENSG00000091181,0.164329,0,0
552,ENSG00000091428,0.134269,0,5
553,ENSG00000091436,0.132265,5,52
554,ENSG00000091490,0.166333,2,6
555,ENSG00000091527,0.11022,0,2
556,ENSG00000091583,0.11022,0,5
557,ENSG00000091592,0.206413,11,8
558,ENSG00000091651,0.130261,2,28
559,ENSG00000091972,0.42485,30,1
560,ENSG00000092096,0.128257,1,43
561,ENSG00000092200,0.286573,14,1
562,ENSG00000092421,0.226453,0,1
563,ENSG00000092621,0.140281,0,1
564,ENSG00000092871,0.188377,12,9
565,ENSG00000092964,0.184369,16,16
566,ENSG00000092978,0.118236,1,21
567,ENSG00000093010,0.102204,0,72
568,ENSG00000093183,0.114228,0,35
569,ENSG00000093217,0.300601,28,0
570,ENSG00000094631,0.116232,0,15
571,ENSG00000094914,0.264529,36,16
572,ENSG00000095002,0.182365,31,8
573,ENSG00000095015,0.142285,12,27
574,ENSG00000095059,0.364729,132,3
575,ENSG00000095139,0.128257,12,17
576,ENSG00000095203,0.192385,5,11
577,ENSG00000095209,0.126253,0,58
578,ENSG00000095303,0.420842,50,2
579,ENSG00000095321,0.236473,0,1
580,ENSG00000095380,0.136273,1,26
581,ENSG00000095627,0.160321,3,9
582,ENSG00000095906,0.222445,52,28
583,ENSG00000095970,0.138277,1,3
584,ENSG00000096968,0.216433,50,16
585,ENSG00000097033,0.583166,100,0
586,ENSG00000099256,0.170341,13,32
587,ENSG00000099284,0.276553,11,2
588,ENSG00000099290,0.240481,6,1
589,ENSG00000099326,0.106212,0,146
590,ENSG00000099330,0.264529,35,2
591,ENSG00000099364,0.130261,1,45
592,ENSG00000099377,0.350701,28,0
593,ENSG00000099385,0.138277,3,14
594,ENSG00000099617,0.304609,8,0
595,ENSG00000099622,0.188377,12,10
596,ENSG00000099624,0.200401,62,22
597,ENSG00000099783,0.112224,1,21
598,ENSG00000099795,0.114228,31,38
599,ENSG00000099800,0.198397,32,32
600,ENSG00000099804,0.174349,34,18
601,ENSG00000099817,0.102204,2,134
602,ENSG00000099821,0.272545,48,11
603,ENSG00000099822,0.158317,0,10
604,ENSG00000099840,0.398798,89,1
605,ENSG00000099849,0.190381,31,48
606,ENSG00000099866,0.386774,70,0
607,ENSG00000099889,0.324649,36,4
608,ENSG00000099899,0.322645,58,7
609,ENSG00000099901,0.144289,8,27
610,ENSG00000099910,0.104208,1,116
611,ENSG00000099940,0.128257,0,4
612,ENSG00000099949,0.320641,18,1
613,ENSG00000099968,0.156313,0,15
614,ENSG00000099974,0.138277,0,19
615,ENSG00000099977,0.158317,7,37
616,ENSG00000099999,0.45491,151,0
617,ENSG00000100014,0.106212,0,14
618,ENSG00000100027,0.244489,7,2
619,ENSG00000100028,0.12024,1,82
620,ENSG00000100029,0.250501,35,4
621,ENSG00000100075,0.224449,55,22
622,ENSG00000100083,0.204409,17,27
623,ENSG00000100084,0.292585,7,1
624,ENSG00000100097,0.106212,0,50
625,ENSG00000100105,0.200401,0,12
626,ENSG00000100116,0.158317,14,38
627,ENSG00000100124,0.212425,44,11
628,ENSG00000100138,0.144289,25,39
629,ENSG00000100156,0.238477,6,15
630,ENSG00000100167,0.108216,0,25
631,ENSG00000100181,0.388778,25,0
632,ENSG00000100211,0.106212,1,102
633,ENSG00000100228,0.128257,0,15
634,ENSG00000100243,0.252505,16,6
635,ENSG00000100246,0.164329,1,20
636,ENSG00000100253,0.354709,75,1
637,ENSG00000100263,0.222445,26,10
638,ENSG00000100284,0.132265,7,74
639,ENSG00000100290,0.244489,34,9
640,ENSG00000100294,0.254509,60,13
641,ENSG00000100299,0.180361,4,19
642,ENSG00000100300,0.154309,25,22
643,ENSG00000100302,0.11022,0,61
644,ENSG00000100304,0.182365,0,22
645,ENSG00000100316,0.160321,13,9
646,ENSG00000100320,0.186373,50,10
647,ENSG00000100335,0.204409,8,8
648,ENSG00000100336,0.114228,0,31
649,ENSG00000100348,0.130261,21,50
650,ENSG00000100350,0.244489,0,9
651,ENSG00000100353,0.150301,3,10
652,ENSG00000100359,0.350701,51,3
653,ENSG00000100360,0.364729,83,3
654,ENSG00000100376,0.146293,0,2
655,ENSG00000100379,0.240481,20,11
656,ENSG00000100395,0.122244,0,22
657,ENSG00000100401,0.172345,33,31
658,ENSG00000100403,0.208417,19,9
659,ENSG00000100416,0.308617,96,10
660,ENSG00000100417,0.302605,34,0
661,ENSG00000100418,0.234469,3,5
662,ENSG00000100422,0.250501,22,15
663,ENSG00000100426,0.11022,0,73
664,ENSG00000100429,0.206413,35,29
665,ENSG00000100439,0.278557,14,0
666,ENSG00000100442,0.134269,0,57
667,ENSG00000100462,0.198397,5,16
668,ENSG00000100478,0.200401,0,29
669,ENSG00000100485,0.272545,114,7
670,ENSG00000100522,0.124248,0,19
671,ENSG00000100567,0.104208,0,39
672,ENSG00000100568,0.128257,0,4
673,ENSG00000100577,0.242485,52,14
674,ENSG00000100600,0.196393,0,0
675,ENSG00000100605,0.194389,0,5
676,ENSG00000100644,0.180361,32,16
677,ENSG00000100647,0.11022,0,6
678,ENSG00000100664,0.108216,0,50
679,ENSG00000100722,0.152305,36,18
680,ENSG00000100726,0.41483,108,2
681,ENSG00000100796,0.122244,15,65
682,ENSG00000100804,0.162325,18,37
683,ENSG00000100842,0.194389,9,22
684,ENSG00000100852,0.132265,26,45
685,ENSG00000100908,0.326653,96,10
686,ENSG00000100911,0.248497,36,1
687,ENSG00000100918,0.258517,15,7
688,ENSG00000100926,0.122244,0,9
689,ENSG00000100934,0.182365,39,40
690,ENSG00000100949,0.376754,65,2
691,ENSG00000100997,0.288577,16,0
692,ENSG00000101000,0.356713,27,1
693,ENSG00000101004,0.136273,1,37
694,ENSG00000101019,0.116232,0,19
695,ENSG00000101096,0.216433,14,13
696,ENSG00000101104,0.108216,0,71
697,ENSG00000101109,0.150301,34,19
698,ENSG00000101126,0.184369,24,6
699,ENSG00000101144,0.272545,16,5
700,ENSG00000101152,0.128257,1,26
701,ENSG00000101158,0.218437,1,11
702,ENSG00000101160,0.206413,11,1
703,ENSG00000101161,0.128257,15,75
704,ENSG00000101180,0.168337,0,1
705,ENSG00000101181,0.250501,10,7
706,ENSG00000101189,0.264529,53,9
707,ENSG00000101197,0.316633,13,1
708,ENSG00000101199,0.152305,14,34
709,ENSG00000101210,0.160321,0,4
710,ENSG00000101246,0.154309,23,21
711,ENSG00000101255,0.294589,11,1
712,ENSG00000101266,0.156313,10,5
713,ENSG00000101278,0.224449,8,3
714,ENSG00000101290,0.138277,7,34
715,ENSG00000101323,0.118236,0,14
716,ENSG00000101337,0.188377,1,9
717,ENSG00000101343,0.180361,2,6
718,ENSG00000101350,0.174349,3,7
719,ENSG00000101361,0.498998,95,1
720,ENSG00000101365,0.106212,4,137
721,ENSG00000101367,0.128257,4,47
722,ENSG00000101391,0.272545,30,3
723,ENSG00000101407,0.122244,7,21
724,ENSG00000101413,0.210421,4,1
725,ENSG00000101421,0.146293,8,12
726,ENSG00000101439,0.322645,15,0
727,ENSG00000101442,0.386774,75,0
728,ENSG00000101443,0.348697,67,3
729,ENSG00000101457,0.132265,0,10
730,ENSG00000101460,0.140281,5,10
731,ENSG00000101473,0.328657,76,1
732,ENSG00000101474,0.240481,0,1
733,ENSG00000101493,0.446894,111,7
734,ENSG00000101544,0.130261,1,15
735,ENSG00000101546,0.190381,5,27
736,ENSG00000101574,0.164329,16,10
737,ENSG00000101654,0.114228,13,51
738,ENSG00000101773,0.172345,6,11
739,ENSG00000101849,0.134269,12,53
740,ENSG00000101850,0.136273,0,7
741,ENSG00000101856,0.452906,74,1
742,ENSG00000101871,0.310621,49,5
743,ENSG00000101940,0.38477,151,2
744,ENSG00000101945,0.168337,6,4
745,ENSG00000101955,0.150301,1,73
746,ENSG00000101966,0.128257,19,18
747,ENSG00000101972,0.140281,34,41
748,ENSG00000101997,0.250501,32,4
749,ENSG00000102007,0.392786,53,3
750,ENSG00000102024,0.306613,29,9
751,ENSG00000102030,0.350701,99,9
752,ENSG00000102038,0.168337,1,2
753,ENSG00000102048,0.124248,1,1
754,ENSG00000102078,0.174349,0,20
755,ENSG00000102081,0.144289,32,11
756,ENSG00000102100,0.184369,2,9
757,ENSG00000102103,0.186373,49,25
758,ENSG00000102125,0.124248,0,74
759,ENSG00000102172,0.254509,22,4
760,ENSG00000102178,0.132265,3,29
761,ENSG00000102218,0.164329,48,14
762,ENSG00000102221,0.130261,25,33
763,ENSG00000102225,0.216433,5,10
764,ENSG00000102226,0.186373,2,20
765,ENSG00000102265,0.334669,52,4
766,ENSG00000102287,0.250501,16,8
767,ENSG00000102309,0.238477,58,12
768,ENSG00000102531,0.300601,86,4
769,ENSG00000102543,0.308617,9,0
770,ENSG00000102554,0.140281,0,63
771,ENSG00000102572,0.262525,72,1
772,ENSG00000102595,0.12024,0,19
773,ENSG00000102710,0.152305,15,40
774,ENSG00000102738,0.228457,3,2
775,ENSG00000102753,0.274549,58,9
776,ENSG00000102763,0.166333,26,27
777,ENSG00000102786,0.206413,26,4
778,ENSG00000102796,0.222445,1,1
779,ENSG00000102805,0.244489,3,2
780,ENSG00000102858,0.178357,1,14
781,ENSG00000102871,0.140281,5,66
782,ENSG00000102890,0.206413,19,28
783,ENSG00000102893,0.108216,0,43
784,ENSG00000102898,0.148297,18,12
785,ENSG00000102908,0.252505,118,2
786,ENSG00000102910,0.142285,0,10
787,ENSG00000102931,0.142285,36,41
788,ENSG00000102967,0.138277,0,30
789,ENSG00000102981,0.158317,6,20
790,ENSG00000102984,0.190381,0,0
791,ENSG00000103018,0.154309,0,23
792,ENSG00000103021,0.12024,0,27
793,ENSG00000103024,0.306613,69,7
794,ENSG00000103037,0.276553,1,6
795,ENSG00000103042,0.198397,0,2
796,ENSG00000103066,0.296593,9,0
797,ENSG00000103067,0.543086,94,0
798,ENSG00000103111,0.310621,23,1
799,ENSG00000103121,0.118236,0,24
800,ENSG00000103126,0.198397,9,13
801,ENSG00000103148,0.352705,71,0
802,ENSG00000103174,0.238477,14,6
803,ENSG00000103184,0.176353,3,11
804,ENSG00000103194,0.130261,0,8
805,ENSG00000103202,0.11022,0,84
806,ENSG00000103222,0.122244,0,7
807,ENSG00000103227,0.212425,5,9
808,ENSG00000103245,0.168337,28,51
809,ENSG00000103249,0.186373,1,14
810,ENSG00000103253,0.252505,13,11
811,ENSG00000103254,0.450902,83,4
812,ENSG00000103266,0.188377,23,9
813,ENSG00000103269,0.180361,0,21
814,ENSG00000103326,0.198397,6,4
815,ENSG00000103342,0.184369,17,3
816,ENSG00000103351,0.270541,0,4
817,ENSG00000103353,0.268537,33,5
818,ENSG00000103356,0.158317,2,23
819,ENSG00000103363,0.208417,56,10
820,ENSG00000103415,0.152305,21,28
821,ENSG00000103423,0.190381,5,8
822,ENSG00000103479,0.104208,6,72
823,ENSG00000103485,0.440882,72,4
824,ENSG00000103490,0.346693,56,1
825,ENSG00000103494,0.174349,10,5
826,ENSG00000103496,0.104208,4,84
827,ENSG00000103507,0.230461,17,4
828,ENSG00000103510,0.134269,0,18
829,ENSG00000103528,0.122244,0,11
830,ENSG00000103534,0.272545,13,1
831,ENSG00000103544,0.206413,23,8
832,ENSG00000103550,0.154309,5,32
833,ENSG00000103642,0.150301,0,5
834,ENSG00000103647,0.356713,49,2
835,ENSG00000103653,0.398798,19,0
836,ENSG00000103876,0.170341,11,16
837,ENSG00000104081,0.122244,0,0
838,ENSG00000104093,0.126253,5,18
839,ENSG00000104219,0.168337,22,14
840,ENSG00000104228,0.312625,45,1
841,ENSG00000104290,0.258517,11,2
842,ENSG00000104312,0.142285,1,17
843,ENSG00000104320,0.106212,1,29
844,ENSG00000104324,0.168337,4,29
845,ENSG00000104325,0.238477,13,3
846,ENSG00000104341,0.142285,3,66
847,ENSG00000104356,0.128257,1,13
848,ENSG00000104365,0.108216,0,16
849,ENSG00000104368,0.194389,6,15
850,ENSG00000104412,0.108216,1,20
851,ENSG00000104413,0.234469,20,8
852,ENSG00000104427,0.118236,14,44
853,ENSG00000104447,0.164329,12,37
854,ENSG00000104472,0.142285,2,8
855,ENSG00000104490,0.386774,65,0
856,ENSG00000104518,0.330661,12,0
857,ENSG00000104522,0.182365,0,11
858,ENSG00000104524,0.370741,73,0
859,ENSG00000104529,0.204409,15,9
860,ENSG00000104635,0.220441,51,12
861,ENSG00000104671,0.408818,7,1
862,ENSG00000104687,0.104208,0,11
863,ENSG00000104695,0.330661,31,2
864,ENSG00000104731,0.166333,11,14
865,ENSG00000104756,0.124248,9,142
866,ENSG00000104760,0.218437,0,0
867,ENSG00000104765,0.553106,160,0
868,ENSG00000104774,0.12024,0,4
869,ENSG00000104825,0.166333,14,8
870,ENSG00000104835,0.130261,7,60
871,ENSG00000104852,0.174349,12,17
872,ENSG00000104859,0.154309,3,36
873,ENSG00000104870,0.128257,0,22
874,ENSG00000104872,0.216433,41,15
875,ENSG00000104883,0.108216,12,86
876,ENSG00000104884,0.190381,9,7
877,ENSG00000104885,0.132265,0,37
878,ENSG00000104889,0.114228,0,71
879,ENSG00000104899,0.288577,6,1
880,ENSG00000104907,0.320641,102,12
881,ENSG00000104915,0.178357,38,26
882,ENSG00000104946,0.132265,1,57
883,ENSG00000104960,0.170341,34,29
884,ENSG00000104964,0.154309,2,10
885,ENSG00000104969,0.204409,41,15
886,ENSG00000104973,0.118236,0,22
887,ENSG00000104976,0.190381,15,21
888,ENSG00000105136,0.262525,5,2
889,ENSG00000105185,0.114228,2,84
890,ENSG00000105193,0.168337,28,18
891,ENSG00000105197,0.200401,44,18
892,ENSG00000105202,0.134269,20,21
893,ENSG00000105204,0.378758,38,0
894,ENSG00000105221,0.156313,0,28
895,ENSG00000105229,0.250501,4,3
896,ENSG00000105248,0.106212,6,84
897,ENSG00000105258,0.224449,68,7
898,ENSG00000105364,0.106212,6,74
899,ENSG00000105372,0.192385,43,21
900,ENSG00000105379,0.202405,23,3
901,ENSG00000105393,0.11022,26,72
902,ENSG00000105397,0.114228,0,49
903,ENSG00000105401,0.274549,29,17
904,ENSG00000105404,0.214429,24,4
905,ENSG00000105443,0.278557,32,8
906,ENSG00000105447,0.126253,0,15
907,ENSG00000105472,0.160321,9,19
908,ENSG00000105514,0.260521,11,4
909,ENSG00000105518,0.11022,13,110
910,ENSG00000105519,0.11022,0,34
911,ENSG00000105520,0.324649,56,4
912,ENSG00000105523,0.124248,0,4
913,ENSG00000105552,0.410822,37,0
914,ENSG00000105559,0.11022,0,46
915,ENSG00000105576,0.168337,0,22
916,ENSG00000105583,0.106212,11,95
917,ENSG00000105617,0.190381,22,11
918,ENSG00000105618,0.226453,41,9
919,ENSG00000105619,0.12024,11,89
920,ENSG00000105640,0.200401,36,15
921,ENSG00000105655,0.232465,10,12
922,ENSG00000105669,0.240481,62,20
923,ENSG00000105671,0.264529,58,9
924,ENSG00000105672,0.160321,10,40
925,ENSG00000105676,0.224449,11,21
926,ENSG00000105698,0.368737,89,2
927,ENSG00000105700,0.236473,32,9
928,ENSG00000105705,0.388778,121,2
929,ENSG00000105707,0.559118,138,0
930,ENSG00000105723,0.112224,0,29
931,ENSG00000105726,0.210421,2,8
932,ENSG00000105732,0.128257,0,3
933,ENSG00000105738,0.210421,0,10
934,ENSG00000105750,0.204409,6,0
935,ENSG00000105771,0.150301,6,60
936,ENSG00000105778,0.258517,52,4
937,ENSG00000105855,0.284569,39,8
938,ENSG00000105856,0.124248,43,54
939,ENSG00000105887,0.104208,6,133
940,ENSG00000105926,0.126253,0,16
941,ENSG00000105948,0.174349,4,4
942,ENSG00000105971,0.306613,61,17
943,ENSG00000105974,0.308617,56,14
944,ENSG00000105983,0.208417,27,2
945,ENSG00000105993,0.128257,0,90
946,ENSG00000106009,0.280561,78,15
947,ENSG00000106012,0.124248,0,13
948,ENSG00000106034,0.138277,10,48
949,ENSG00000106069,0.254509,1,0
950,ENSG00000106078,0.134269,0,6
951,ENSG00000106080,0.224449,43,6
952,ENSG00000106105,0.114228,0,36
953,ENSG00000106123,0.236473,9,5
954,ENSG00000106211,0.428858,132,2
955,ENSG00000106261,0.128257,3,27
956,ENSG00000106263,0.194389,19,12
957,ENSG00000106268,0.116232,10,89
958,ENSG00000106346,0.240481,27,1
959,ENSG00000106348,0.428858,28,0
960,ENSG00000106392,0.176353,11,22
961,ENSG00000106404,0.196393,5,2
962,ENSG00000106443,0.184369,13,3
963,ENSG00000106460,0.140281,18,43
964,ENSG00000106479,0.168337,8,26
965,ENSG00000106483,0.174349,4,1
966,ENSG00000106524,0.150301,2,33
967,ENSG00000106546,0.322645,64,3
968,ENSG00000106571,0.302605,60,6
969,ENSG00000106628,0.180361,18,22
970,ENSG00000106635,0.118236,0,40
971,ENSG00000106636,0.146293,0,43
972,ENSG00000106638,0.240481,0,2
973,ENSG00000106665,0.158317,4,23
974,ENSG00000106692,0.198397,26,8
975,ENSG00000106723,0.148297,37,32
976,ENSG00000106771,0.180361,28,28
977,ENSG00000106772,0.222445,40,12
978,ENSG00000106785,0.212425,9,2
979,ENSG00000106803,0.196393,14,16
980,ENSG00000106819,0.294589,5,0
981,ENSG00000106829,0.268537,18,4
982,ENSG00000106852,0.284569,0,0
983,ENSG00000107014,0.102204,0,28
984,ENSG00000107036,0.178357,37,15
985,ENSG00000107164,0.128257,3,29
986,ENSG00000107223,0.204409,61,22
987,ENSG00000107249,0.322645,42,9
988,ENSG00000107281,0.252505,51,5
989,ENSG00000107290,0.166333,55,24
990,ENSG00000107317,0.144289,5,24
991,ENSG00000107331,0.416834,57,0
992,ENSG00000107371,0.214429,1,9
993,ENSG00000107372,0.324649,58,1
994,ENSG00000107404,0.47495,152,0
995,ENSG00000107438,0.192385,8,24
996,ENSG00000107443,0.144289,1,17
997,ENSG00000107537,0.116232,0,7
998,ENSG00000107560,0.190381,55,14
999,ENSG00000107651,0.190381,13,8
1000,ENSG00000107672,0.118236,0,33
1001,ENSG00000107679,0.340681,99,3
1002,ENSG00000107731,0.12024,0,79
1003,ENSG00000107745,0.152305,0,4
1004,ENSG00000107771,0.290581,54,8
1005,ENSG00000107815,0.340681,27,3
1006,ENSG00000107816,0.146293,0,6
1007,ENSG00000107829,0.128257,14,113
1008,ENSG00000107833,0.142285,4,46
1009,ENSG00000107854,0.144289,32,23
1010,ENSG00000107862,0.162325,0,16
1011,ENSG00000107863,0.128257,31,30
1012,ENSG00000107864,0.294589,1,0
1013,ENSG00000107872,0.274549,54,10
1014,ENSG00000107874,0.132265,17,42
1015,ENSG00000107902,0.258517,17,0
1016,ENSG00000107938,0.376754,25,1
1017,ENSG00000107957,0.174349,30,30
1018,ENSG00000107959,0.102204,0,7
1019,ENSG00000108055,0.11022,8,108
1020,ENSG00000108091,0.202405,12,4
1021,ENSG00000108094,0.138277,28,26
1022,ENSG00000108106,0.202405,57,23
1023,ENSG00000108107,0.284569,73,1
1024,ENSG00000108187,0.162325,1,1
1025,ENSG00000108262,0.140281,0,35
1026,ENSG00000108298,0.230461,56,9
1027,ENSG00000108344,0.188377,1,39
1028,ENSG00000108375,0.118236,0,5
1029,ENSG00000108389,0.134269,1,22
1030,ENSG00000108395,0.234469,17,7
1031,ENSG00000108406,0.11022,16,34
1032,ENSG00000108424,0.118236,2,40
1033,ENSG00000108439,0.126253,0,17
1034,ENSG00000108443,0.212425,47,6
1035,ENSG00000108465,0.272545,42,13
1036,ENSG00000108506,0.148297,29,18
1037,ENSG00000108509,0.142285,0,8
1038,ENSG00000108510,0.130261,20,28
1039,ENSG00000108523,0.170341,2,0
1040,ENSG00000108528,0.108216,0,8
1041,ENSG00000108561,0.160321,2,34
1042,ENSG00000108582,0.132265,5,23
1043,ENSG00000108587,0.12024,2,33
1044,ENSG00000108591,0.130261,0,16
1045,ENSG00000108604,0.158317,0,12
1046,ENSG00000108639,0.250501,33,11
1047,ENSG00000108651,0.122244,0,32
1048,ENSG00000108671,0.280561,14,1
1049,ENSG00000108679,0.262525,15,8
1050,ENSG00000108771,0.166333,1,6
1051,ENSG00000108773,0.304609,79,8
1052,ENSG00000108774,0.12024,0,42
1053,ENSG00000108784,0.1002,0,30
1054,ENSG00000108786,0.234469,19,5
1055,ENSG00000108821,0.104208,0,3
1056,ENSG00000108830,0.426854,60,2
1057,ENSG00000108852,0.420842,95,6
1058,ENSG00000108854,0.122244,0,14
1059,ENSG00000108861,0.128257,1,90
1060,ENSG00000108924,0.208417,21,17
1061,ENSG00000108946,0.322645,77,1
1062,ENSG00000108958,0.164329,5,12
1063,ENSG00000108961,0.130261,17,46
1064,ENSG00000108963,0.212425,1,11
1065,ENSG00000108984,0.156313,0,7
1066,ENSG00000109065,0.312625,74,9
1067,ENSG00000109066,0.170341,0,6
1068,ENSG00000109099,0.160321,11,21
1069,ENSG00000109107,0.252505,0,1
1070,ENSG00000109113,0.607214,132,1
1071,ENSG00000109118,0.202405,9,8
1072,ENSG00000109184,0.142285,3,38
1073,ENSG00000109323,0.324649,1,0
1074,ENSG00000109452,0.12024,0,31
1075,ENSG00000109458,0.392786,113,3
1076,ENSG00000109466,0.194389,21,16
1077,ENSG00000109475,0.1002,2,108
1078,ENSG00000109534,0.430862,52,1
1079,ENSG00000109572,0.162325,1,14
1080,ENSG00000109576,0.286573,1,1
1081,ENSG00000109610,0.130261,0,33
1082,ENSG00000109654,0.486974,138,0
1083,ENSG00000109670,0.132265,22,27
1084,ENSG00000109775,0.118236,0,43
1085,ENSG00000109819,0.537074,129,0
1086,ENSG00000109846,0.59519,156,0
1087,ENSG00000109854,0.128257,0,26
1088,ENSG00000109911,0.116232,3,94
1089,ENSG00000109956,0.202405,0,3
1090,ENSG00000110066,0.140281,4,16
1091,ENSG00000110074,0.180361,0,28
1092,ENSG00000110107,0.180361,0,28
1093,ENSG00000110169,0.348697,35,0
1094,ENSG00000110195,0.342685,26,1
1095,ENSG00000110237,0.136273,3,50
1096,ENSG00000110318,0.328657,61,5
1097,ENSG00000110321,0.198397,61,17
1098,ENSG00000110422,0.156313,28,58
1099,ENSG00000110429,0.11022,3,134
1100,ENSG00000110455,0.226453,17,4
1101,ENSG00000110619,0.230461,5,5
1102,ENSG00000110651,0.152305,0,23
1103,ENSG00000110717,0.146293,44,15
1104,ENSG00000110719,0.118236,0,16
1105,ENSG00000110756,0.184369,43,19
1106,ENSG00000110801,0.11022,1,161
1107,ENSG00000110811,0.410822,59,2
1108,ENSG00000110841,0.166333,20,17
1109,ENSG00000110880,0.172345,17,39
1110,ENSG00000110917,0.358717,34,1
1111,ENSG00000110931,0.507014,113,0
1112,ENSG00000110987,0.132265,0,32
1113,ENSG00000111057,0.358717,96,4
1114,ENSG00000111058,0.511022,104,0
1115,ENSG00000111110,0.308617,35,4
1116,ENSG00000111203,0.192385,0,2
1117,ENSG00000111271,0.200401,0,9
1118,ENSG00000111275,0.150301,0,24
1119,ENSG00000111319,0.130261,0,29
1120,ENSG00000111321,0.198397,0,0
1121,ENSG00000111331,0.160321,4,4
1122,ENSG00000111335,0.190381,3,0
1123,ENSG00000111361,0.178357,0,28
1124,ENSG00000111364,0.346693,65,1
1125,ENSG00000111371,0.176353,11,17
1126,ENSG00000111412,0.166333,1,7
1127,ENSG00000111554,0.182365,16,7
1128,ENSG00000111581,0.114228,0,5
1129,ENSG00000111605,0.276553,51,5
1130,ENSG00000111641,0.11022,0,17
1131,ENSG00000111647,0.126253,26,32
1132,ENSG00000111669,0.114228,0,0
1133,ENSG00000111671,0.126253,0,42
1134,ENSG00000111707,0.116232,1,33
1135,ENSG00000111716,0.190381,3,33
1136,ENSG00000111727,0.248497,66,8
1137,ENSG00000111737,0.142285,0,0
1138,ENSG00000111752,0.130261,19,12
1139,ENSG00000111790,0.116232,9,166
1140,ENSG00000111799,0.132265,1,6
1141,ENSG00000111834,0.132265,3,5
1142,ENSG00000111837,0.214429,1,0
1143,ENSG00000111875,0.172345,9,4
1144,ENSG00000111897,0.210421,47,8
1145,ENSG00000111906,0.134269,0,1
1146,ENSG00000111961,0.162325,2,4
1147,ENSG00000112029,0.130261,0,9
1148,ENSG00000112144,0.174349,10,7
1149,ENSG00000112167,0.118236,0,40
1150,ENSG00000112210,0.140281,27,29
1151,ENSG00000112242,0.146293,1,11
1152,ENSG00000112249,0.178357,33,18
1153,ENSG00000112282,0.142285,15,12
1154,ENSG00000112290,0.292585,17,1
1155,ENSG00000112308,0.118236,0,18
1156,ENSG00000112333,0.318637,8,0
1157,ENSG00000112335,0.274549,28,0
1158,ENSG00000112365,0.168337,0,3
1159,ENSG00000112379,0.274549,69,6
1160,ENSG00000112414,0.45491,101,0
1161,ENSG00000112473,0.296593,12,0
1162,ENSG00000112511,0.190381,10,4
1163,ENSG00000112514,0.232465,49,9
1164,ENSG00000112561,0.224449,0,2
1165,ENSG00000112562,0.132265,0,5
1166,ENSG00000112576,0.220441,0,6
1167,ENSG00000112578,0.364729,26,1
1168,ENSG00000112599,0.126253,0,29
1169,ENSG00000112651,0.202405,53,14
1170,ENSG00000112667,0.446894,86,2
1171,ENSG00000112697,0.126253,5,47
1172,ENSG00000112699,0.188377,2,9
1173,ENSG00000112701,0.108216,0,49
1174,ENSG00000112706,0.232465,16,2
1175,ENSG00000112763,0.166333,1,9
1176,ENSG00000112773,0.152305,0,90
1177,ENSG00000112787,0.208417,4,26
1178,ENSG00000112812,0.226453,8,10
1179,ENSG00000112851,0.122244,11,65
1180,ENSG00000112852,0.106212,0,3
1181,ENSG00000112902,0.40481,87,1
1182,ENSG00000112964,0.344689,2,0
1183,ENSG00000112992,0.446894,120,3
1184,ENSG00000113013,0.158317,5,16
1185,ENSG00000113048,0.194389,5,2
1186,ENSG00000113108,0.112224,0,65
1187,ENSG00000113119,0.150301,1,28
1188,ENSG00000113194,0.126253,0,16
1189,ENSG00000113272,0.176353,0,4
1190,ENSG00000113282,0.102204,4,173
1191,ENSG00000113300,0.176353,23,6
1192,ENSG00000113318,0.134269,6,40
1193,ENSG00000113360,0.226453,26,5
1194,ENSG00000113389,0.116232,1,18
1195,ENSG00000113391,0.114228,2,100
1196,ENSG00000113407,0.130261,0,11
1197,ENSG00000113430,0.160321,0,15
1198,ENSG00000113441,0.176353,22,19
1199,ENSG00000113448,0.164329,6,33
1200,ENSG00000113504,0.262525,13,0
1201,ENSG00000113569,0.122244,6,31
1202,ENSG00000113580,0.396794,111,2
1203,ENSG00000113615,0.144289,13,5
1204,ENSG00000113621,0.118236,0,15
1205,ENSG00000113638,0.150301,27,14
1206,ENSG00000113643,0.282565,17,0
1207,ENSG00000113645,0.274549,6,3
1208,ENSG00000113719,0.270541,3,5
1209,ENSG00000113742,0.204409,39,20
1210,ENSG00000113810,0.126253,37,26
1211,ENSG00000114023,0.130261,0,11
1212,ENSG00000114026,0.142285,0,38
1213,ENSG00000114115,0.40481,85,2
1214,ENSG00000114127,0.128257,35,23
1215,ENSG00000114166,0.174349,27,12
1216,ENSG00000114251,0.172345,0,21
1217,ENSG00000114302,0.140281,16,22
1218,ENSG00000114315,0.134269,0,11
1219,ENSG00000114331,0.124248,34,33
1220,ENSG00000114353,0.338677,34,6
1221,ENSG00000114374,0.216433,15,3
1222,ENSG00000114383,0.118236,3,49
1223,ENSG00000114388,0.130261,14,111
1224,ENSG00000114391,0.138277,26,28
1225,ENSG00000114395,0.342685,60,0
1226,ENSG00000114439,0.346693,93,5
1227,ENSG00000114473,0.176353,1,10
1228,ENSG00000114491,0.202405,4,5
1229,ENSG00000114626,0.106212,1,81
1230,ENSG00000114646,0.164329,0,2
1231,ENSG00000114650,0.196393,0,10
1232,ENSG00000114654,0.200401,4,1
1233,ENSG00000114698,0.278557,55,11
1234,ENSG00000114735,0.168337,6,28
1235,ENSG00000114767,0.332665,69,3
1236,ENSG00000114784,0.272545,2,3
1237,ENSG00000114790,0.308617,20,2
1238,ENSG00000114796,0.112224,20,86
1239,ENSG00000114857,0.128257,5,29
1240,ENSG00000114867,0.308617,36,1
1241,ENSG00000114904,0.278557,20,0
1242,ENSG00000114978,0.11022,22,54
1243,ENSG00000114982,0.126253,1,21
1244,ENSG00000114993,0.228457,2,19
1245,ENSG00000115020,0.138277,6,10
1246,ENSG00000115041,0.214429,17,20
1247,ENSG00000115042,0.214429,37,22
1248,ENSG00000115053,0.238477,11,3
1249,ENSG00000115091,0.160321,7,13
1250,ENSG00000115109,0.162325,5,11
1251,ENSG00000115112,0.156313,0,15
1252,ENSG00000115129,0.162325,0,2
1253,ENSG00000115207,0.250501,53,7
1254,ENSG00000115211,0.266533,68,20
1255,ENSG00000115241,0.108216,0,113
1256,ENSG00000115255,0.280561,18,4
1257,ENSG00000115257,0.196393,8,18
1258,ENSG00000115267,0.114228,2,6
1259,ENSG00000115268,0.290581,68,7
1260,ENSG00000115274,0.182365,32,14
1261,ENSG00000115275,0.328657,14,1
1262,ENSG00000115282,0.266533,19,2
1263,ENSG00000115286,0.276553,16,0
1264,ENSG00000115289,0.266533,75,16
1265,ENSG00000115295,0.222445,27,13
1266,ENSG00000115306,0.106212,4,141
1267,ENSG00000115307,0.138277,5,91
1268,ENSG00000115310,0.12024,0,71
1269,ENSG00000115317,0.280561,7,5
1270,ENSG00000115355,0.296593,62,16
1271,ENSG00000115361,0.116232,0,32
1272,ENSG00000115364,0.124248,1,22
1273,ENSG00000115380,0.446894,72,3
1274,ENSG00000115392,0.150301,0,1
1275,ENSG00000115415,0.104208,1,12
1276,ENSG00000115419,0.12024,3,135
1277,ENSG00000115457,0.190381,1,11
1278,ENSG00000115464,0.182365,71,17
1279,ENSG00000115507,0.148297,1,27
1280,ENSG00000115568,0.116232,1,32
1281,ENSG00000115641,0.240481,22,18
1282,ENSG00000115648,0.420842,54,1
1283,ENSG00000115649,0.12024,0,32
1284,ENSG00000115657,0.194389,5,23
1285,ENSG00000115677,0.126253,0,22
1286,ENSG00000115694,0.238477,20,15
1287,ENSG00000115718,0.118236,0,16
1288,ENSG00000115738,0.390782,53,0
1289,ENSG00000115758,0.102204,0,5
1290,ENSG00000115760,0.118236,26,29
1291,ENSG00000115761,0.112224,0,39
1292,ENSG00000115806,0.186373,4,4
1293,ENSG00000115839,0.134269,16,38
1294,ENSG00000115840,0.146293,1,39
1295,ENSG00000115902,0.104208,0,30
1296,ENSG00000115904,0.208417,51,8
1297,ENSG00000115935,0.310621,44,15
1298,ENSG00000115942,0.188377,18,3
1299,ENSG00000115963,0.180361,10,22
1300,ENSG00000115966,0.186373,42,8
1301,ENSG00000115970,0.238477,0,0
1302,ENSG00000116001,0.264529,32,6
1303,ENSG00000116005,0.124248,10,44
1304,ENSG00000116014,0.342685,3,0
1305,ENSG00000116016,0.150301,7,46
1306,ENSG00000116017,0.200401,0,0
1307,ENSG00000116044,0.549098,145,0
1308,ENSG00000116096,0.136273,5,84
1309,ENSG00000116106,0.182365,7,21
1310,ENSG00000116138,0.160321,14,8
1311,ENSG00000116157,0.438878,84,2
1312,ENSG00000116198,0.126253,19,37
1313,ENSG00000116199,0.108216,11,75
1314,ENSG00000116213,0.344689,36,1
1315,ENSG00000116221,0.146293,14,27
1316,ENSG00000116251,0.222445,10,3
1317,ENSG00000116260,0.326653,14,2
1318,ENSG00000116353,0.166333,6,19
1319,ENSG00000116455,0.156313,0,19
1320,ENSG00000116478,0.292585,28,2
1321,ENSG00000116521,0.184369,18,15
1322,ENSG00000116525,0.238477,0,2
1323,ENSG00000116539,0.128257,44,33
1324,ENSG00000116560,0.106212,0,46
1325,ENSG00000116574,0.166333,0,13
1326,ENSG00000116584,0.212425,14,13
1327,ENSG00000116586,0.112224,7,65
1328,ENSG00000116641,0.146293,1,8
1329,ENSG00000116649,0.138277,2,83
1330,ENSG00000116661,0.302605,5,3
1331,ENSG00000116663,0.168337,0,15
1332,ENSG00000116670,0.108216,0,176
1333,ENSG00000116691,0.194389,29,30
1334,ENSG00000116698,0.158317,4,14
1335,ENSG00000116711,0.168337,12,18
1336,ENSG00000116717,0.194389,4,9
1337,ENSG00000116731,0.150301,35,28
1338,ENSG00000116741,0.236473,0,8
1339,ENSG00000116771,0.160321,1,8
1340,ENSG00000116774,0.126253,4,33
1341,ENSG00000116791,0.136273,0,33
1342,ENSG00000116809,0.138277,1,77
1343,ENSG00000116863,0.122244,5,42
1344,ENSG00000116957,0.108216,0,16
1345,ENSG00000116984,0.132265,24,41
1346,ENSG00000117000,0.12024,21,32
1347,ENSG00000117020,0.146293,12,42
1348,ENSG00000117036,0.188377,47,22
1349,ENSG00000117114,0.192385,9,15
1350,ENSG00000117139,0.122244,7,21
1351,ENSG00000117228,0.242485,27,16
1352,ENSG00000117262,0.426854,102,1
1353,ENSG00000117266,0.162325,1,15
1354,ENSG00000117318,0.324649,30,2
1355,ENSG00000117360,0.128257,2,37
1356,ENSG00000117385,0.276553,6,1
1357,ENSG00000117395,0.198397,20,12
1358,ENSG00000117448,0.332665,66,3
1359,ENSG00000117472,0.142285,0,56
1360,ENSG00000117475,0.126253,10,60
1361,ENSG00000117480,0.270541,23,10
1362,ENSG00000117525,0.128257,0,53
1363,ENSG00000117528,0.192385,31,8
1364,ENSG00000117533,0.136273,13,73
1365,ENSG00000117593,0.118236,0,45
1366,ENSG00000117625,0.242485,40,2
1367,ENSG00000117640,0.268537,17,0
1368,ENSG00000117676,0.168337,0,10
1369,ENSG00000117713,0.162325,16,8
1370,ENSG00000117758,0.192385,27,20
1371,ENSG00000117859,0.104208,2,97
1372,ENSG00000117868,0.144289,44,28
1373,ENSG00000118007,0.134269,43,38
1374,ENSG00000118046,0.154309,10,25
1375,ENSG00000118156,0.192385,2,10
1376,ENSG00000118162,0.12024,2,166
1377,ENSG00000118200,0.152305,25,32
1378,ENSG00000118246,0.134269,0,11
1379,ENSG00000118263,0.136273,15,48
1380,ENSG00000118271,0.126253,0,7
1381,ENSG00000118412,0.222445,73,10
1382,ENSG00000118420,0.172345,0,5
1383,ENSG00000118482,0.138277,33,27
1384,ENSG00000118496,0.174349,28,19
1385,ENSG00000118513,0.146293,0,2
1386,ENSG00000118564,0.146293,13,27
1387,ENSG00000118600,0.284569,4,3
1388,ENSG00000118707,0.124248,0,6
1389,ENSG00000118762,0.174349,40,35
1390,ENSG00000118849,0.220441,14,12
1391,ENSG00000118894,0.188377,0,15
1392,ENSG00000118900,0.232465,31,7
1393,ENSG00000118939,0.126253,2,59
1394,ENSG00000118961,0.318637,32,6
1395,ENSG00000118971,0.340681,34,8
1396,ENSG00000119227,0.354709,25,0
1397,ENSG00000119285,0.158317,52,12
1398,ENSG00000119318,0.170341,7,14
1399,ENSG00000119333,0.170341,27,24
1400,ENSG00000119335,0.122244,1,17
1401,ENSG00000119383,0.212425,20,6
1402,ENSG00000119392,0.164329,2,17
1403,ENSG00000119402,0.146293,11,10
1404,ENSG00000119414,0.1002,0,81
1405,ENSG00000119421,0.154309,23,23
1406,ENSG00000119431,0.160321,13,26
1407,ENSG00000119471,0.11022,1,35
1408,ENSG00000119522,0.48497,37,1
1409,ENSG00000119537,0.208417,10,11
1410,ENSG00000119541,0.154309,9,18
1411,ENSG00000119559,0.150301,16,25
1412,ENSG00000119574,0.448898,66,0
1413,ENSG00000119599,0.168337,0,7
1414,ENSG00000119630,0.368737,11,1
1415,ENSG00000119632,0.330661,41,1
1416,ENSG00000119650,0.142285,7,13
1417,ENSG00000119682,0.212425,4,4
1418,ENSG00000119705,0.260521,91,15
1419,ENSG00000119711,0.144289,0,18
1420,ENSG00000119723,0.166333,0,30
1421,ENSG00000119729,0.368737,65,0
1422,ENSG00000119772,0.198397,20,5
1423,ENSG00000119782,0.154309,0,10
1424,ENSG00000119801,0.314629,3,0
1425,ENSG00000119899,0.1002,0,25
1426,ENSG00000119900,0.396794,67,1
1427,ENSG00000119912,0.130261,0,36
1428,ENSG00000119919,0.619238,70,0
1429,ENSG00000119938,0.490982,49,0
1430,ENSG00000119943,0.162325,0,6
1431,ENSG00000119946,0.180361,0,10
1432,ENSG00000119986,0.224449,14,15
1433,ENSG00000120053,0.116232,0,0
1434,ENSG00000120055,0.334669,1,2
1435,ENSG00000120063,0.200401,58,27
1436,ENSG00000120071,0.122244,23,55
1437,ENSG00000120129,0.112224,0,39
1438,ENSG00000120159,0.192385,3,2
1439,ENSG00000120162,0.390782,58,3
1440,ENSG00000120278,0.198397,23,7
1441,ENSG00000120314,0.432866,57,1
1442,ENSG00000120318,0.150301,1,40
1443,ENSG00000120332,0.248497,0,0
1444,ENSG00000120438,0.122244,1,12
1445,ENSG00000120647,0.180361,0,8
1446,ENSG00000120675,0.310621,20,5
1447,ENSG00000120686,0.174349,7,13
1448,ENSG00000120688,0.276553,21,5
1449,ENSG00000120690,0.274549,87,8
1450,ENSG00000120694,0.176353,3,3
1451,ENSG00000120696,0.142285,2,46
1452,ENSG00000120699,0.148297,0,35
1453,ENSG00000120709,0.144289,0,23
1454,ENSG00000120725,0.212425,38,7
1455,ENSG00000120733,0.12024,29,28
1456,ENSG00000120738,0.186373,7,6
1457,ENSG00000120805,0.118236,1,29
1458,ENSG00000120833,0.112224,0,7
1459,ENSG00000120837,0.158317,0,15
1460,ENSG00000120868,0.126253,46,36
1461,ENSG00000120885,0.308617,35,10
1462,ENSG00000120903,0.140281,1,16
1463,ENSG00000120992,0.108216,0,32
1464,ENSG00000121022,0.11022,3,57
1465,ENSG00000121039,0.140281,0,64
1466,ENSG00000121064,0.184369,1,25
1467,ENSG00000121073,0.118236,0,38
1468,ENSG00000121210,0.114228,0,2
1469,ENSG00000121297,0.140281,9,53
1470,ENSG00000121316,0.144289,10,32
1471,ENSG00000121350,0.128257,0,13
1472,ENSG00000121361,0.156313,14,23
1473,ENSG00000121390,0.12024,0,20
1474,ENSG00000121413,0.232465,1,1
1475,ENSG00000121486,0.188377,37,12
1476,ENSG00000121644,0.310621,79,9
1477,ENSG00000121653,0.11022,0,9
1478,ENSG00000121690,0.352705,24,5
1479,ENSG00000121691,0.12024,4,55
1480,ENSG00000121716,0.170341,0,9
1481,ENSG00000121741,0.162325,18,7
1482,ENSG00000121743,0.154309,0,1
1483,ENSG00000121851,0.118236,0,32
1484,ENSG00000121879,0.154309,39,30
1485,ENSG00000121900,0.180361,43,22
1486,ENSG00000121903,0.354709,71,5
1487,ENSG00000122008,0.190381,52,20
1488,ENSG00000122012,0.116232,0,5
1489,ENSG00000122033,0.202405,25,8
1490,ENSG00000122042,0.234469,55,2
1491,ENSG00000122126,0.11022,3,171
1492,ENSG00000122484,0.162325,13,7
1493,ENSG00000122507,0.194389,42,12
1494,ENSG00000122512,0.262525,27,0
1495,ENSG00000122515,0.268537,34,2
1496,ENSG00000122543,0.264529,11,2
1497,ENSG00000122547,0.108216,0,7
1498,ENSG00000122643,0.130261,0,18
1499,ENSG00000122644,0.118236,1,43
1500,ENSG00000122687,0.190381,0,8
1501,ENSG00000122691,0.266533,0,2
1502,ENSG00000122696,0.146293,0,2
1503,ENSG00000122729,0.156313,8,18
1504,ENSG00000122824,0.346693,39,4
1505,ENSG00000122863,0.278557,56,14
1506,ENSG00000122870,0.116232,0,20
1507,ENSG00000122970,0.136273,17,52
1508,ENSG00000122971,0.112224,1,107
1509,ENSG00000122986,0.186373,14,13
1510,ENSG00000123095,0.158317,0,36
1511,ENSG00000123096,0.114228,0,95
1512,ENSG00000123104,0.114228,0,15
1513,ENSG00000123106,0.168337,13,7
1514,ENSG00000123119,0.368737,86,14
1515,ENSG00000123124,0.188377,4,4
1516,ENSG00000123131,0.202405,13,0
1517,ENSG00000123136,0.11022,0,53
1518,ENSG00000123144,0.144289,43,42
1519,ENSG00000123154,0.330661,87,7
1520,ENSG00000123159,0.12024,13,48
1521,ENSG00000123200,0.174349,35,25
1522,ENSG00000123240,0.280561,23,16
1523,ENSG00000123243,0.154309,10,22
1524,ENSG00000123297,0.296593,38,2
1525,ENSG00000123352,0.222445,0,5
1526,ENSG00000123364,0.242485,1,0
1527,ENSG00000123395,0.128257,8,50
1528,ENSG00000123407,0.190381,0,1
1529,ENSG00000123415,0.334669,78,4
1530,ENSG00000123453,0.124248,0,0
1531,ENSG00000123472,0.254509,3,1
1532,ENSG00000123500,0.112224,0,4
1533,ENSG00000123545,0.144289,0,6
1534,ENSG00000123552,0.12024,0,10
1535,ENSG00000123562,0.12024,14,165
1536,ENSG00000123570,0.200401,15,24
1537,ENSG00000123575,0.154309,32,5
1538,ENSG00000123607,0.160321,1,11
1539,ENSG00000123636,0.156313,27,7
1540,ENSG00000123684,0.250501,24,9
1541,ENSG00000123689,0.294589,17,3
1542,ENSG00000123737,0.168337,0,16
1543,ENSG00000123836,0.278557,14,0
1544,ENSG00000123933,0.376754,8,0
1545,ENSG00000123983,0.160321,0,3
1546,ENSG00000123989,0.334669,27,0
1547,ENSG00000123999,0.192385,14,16
1548,ENSG00000124074,0.124248,1,11
1549,ENSG00000124140,0.372745,1,1
1550,ENSG00000124155,0.126253,0,9
1551,ENSG00000124172,0.162325,34,14
1552,ENSG00000124177,0.192385,19,11
1553,ENSG00000124181,0.106212,0,65
1554,ENSG00000124193,0.150301,0,38
1555,ENSG00000124198,0.124248,19,62
1556,ENSG00000124207,0.108216,0,40
1557,ENSG00000124275,0.104208,0,49
1558,ENSG00000124302,0.118236,0,15
1559,ENSG00000124357,0.104208,0,32
1560,ENSG00000124383,0.116232,0,42
1561,ENSG00000124406,0.150301,1,18
1562,ENSG00000124422,0.156313,5,16
1563,ENSG00000124440,0.292585,31,5
1564,ENSG00000124479,0.172345,8,23
1565,ENSG00000124486,0.116232,22,66
1566,ENSG00000124496,0.206413,11,19
1567,ENSG00000124507,0.288577,7,0
1568,ENSG00000124535,0.162325,0,28
1569,ENSG00000124541,0.104208,0,99
1570,ENSG00000124549,0.274549,31,1
1571,ENSG00000124570,0.148297,20,68
1572,ENSG00000124571,0.184369,9,10
1573,ENSG00000124587,0.294589,2,1
1574,ENSG00000124588,0.11022,0,49
1575,ENSG00000124664,0.324649,41,0
1576,ENSG00000124702,0.134269,12,68
1577,ENSG00000124713,0.148297,5,30
1578,ENSG00000124721,0.140281,0,1
1579,ENSG00000124782,0.134269,4,16
1580,ENSG00000124785,0.158317,0,0
1581,ENSG00000124787,0.232465,2,7
1582,ENSG00000124789,0.128257,43,38
1583,ENSG00000124802,0.174349,4,6
1584,ENSG00000124839,0.330661,35,3
1585,ENSG00000125149,0.244489,4,8
1586,ENSG00000125170,0.202405,10,18
1587,ENSG00000125247,0.114228,0,33
1588,ENSG00000125257,0.420842,39,0
1589,ENSG00000125266,0.270541,6,1
1590,ENSG00000125356,0.134269,22,27
1591,ENSG00000125434,0.162325,0,5
1592,ENSG00000125450,0.126253,0,36
1593,ENSG00000125454,0.282565,13,1
1594,ENSG00000125457,0.144289,0,10
1595,ENSG00000125508,0.350701,0,0
1596,ENSG00000125520,0.140281,0,80
1597,ENSG00000125534,0.188377,18,23
1598,ENSG00000125611,0.122244,20,69
1599,ENSG00000125629,0.12024,5,56
1600,ENSG00000125630,0.306613,51,2
1601,ENSG00000125637,0.146293,0,12
1602,ENSG00000125650,0.138277,6,81
1603,ENSG00000125652,0.132265,25,58
1604,ENSG00000125656,0.346693,83,7
1605,ENSG00000125676,0.158317,14,13
1606,ENSG00000125691,0.276553,35,0
1607,ENSG00000125733,0.338677,53,2
1608,ENSG00000125740,0.136273,2,4
1609,ENSG00000125755,0.180361,7,32
1610,ENSG00000125772,0.172345,1,23
1611,ENSG00000125812,0.174349,29,12
1612,ENSG00000125814,0.174349,9,3
1613,ENSG00000125826,0.390782,92,2
1614,ENSG00000125827,0.168337,18,26
1615,ENSG00000125834,0.274549,48,4
1616,ENSG00000125841,0.412826,17,1
1617,ENSG00000125877,0.478958,41,0
1618,ENSG00000125898,0.206413,27,18
1619,ENSG00000125901,0.340681,95,6
1620,ENSG00000125912,0.180361,18,31
1621,ENSG00000125952,0.200401,0,14
1622,ENSG00000125967,0.282565,13,9
1623,ENSG00000125968,0.342685,36,1
1624,ENSG00000125970,0.114228,13,91
1625,ENSG00000125971,0.128257,11,59
1626,ENSG00000125977,0.106212,0,71
1627,ENSG00000125995,0.192385,45,12
1628,ENSG00000126005,0.148297,1,36
1629,ENSG00000126010,0.174349,1,10
1630,ENSG00000126012,0.220441,21,7
1631,ENSG00000126016,0.200401,7,12
1632,ENSG00000126067,0.148297,1,11
1633,ENSG00000126106,0.118236,0,107
1634,ENSG00000126216,0.174349,28,10
1635,ENSG00000126217,0.144289,0,27
1636,ENSG00000126231,0.184369,4,16
1637,ENSG00000126249,0.140281,1,61
1638,ENSG00000126254,0.11022,13,107
1639,ENSG00000126262,0.174349,0,13
1640,ENSG00000126267,0.116232,20,28
1641,ENSG00000126453,0.276553,62,11
1642,ENSG00000126458,0.238477,40,11
1643,ENSG00000126461,0.314629,34,2
1644,ENSG00000126522,0.212425,4,4
1645,ENSG00000126524,0.170341,5,17
1646,ENSG00000126603,0.214429,19,6
1647,ENSG00000126709,0.204409,2,1
1648,ENSG00000126746,0.126253,28,14
1649,ENSG00000126749,0.108216,4,56
1650,ENSG00000126777,0.154309,27,21
1651,ENSG00000126803,0.162325,0,48
1652,ENSG00000126858,0.210421,39,9
1653,ENSG00000126870,0.146293,13,8
1654,ENSG00000126934,0.148297,21,27
1655,ENSG00000126947,0.312625,49,9
1656,ENSG00000126953,0.160321,0,12
1657,ENSG00000127054,0.282565,51,16
1658,ENSG00000127191,0.150301,4,24
1659,ENSG00000127314,0.216433,74,21
1660,ENSG00000127328,0.202405,1,4
1661,ENSG00000127399,0.116232,0,46
1662,ENSG00000127415,0.300601,47,7
1663,ENSG00000127418,0.492986,83,0
1664,ENSG00000127419,0.246493,18,27
1665,ENSG00000127463,0.172345,11,7
1666,ENSG00000127483,0.138277,34,29
1667,ENSG00000127526,0.212425,12,4
1668,ENSG00000127554,0.320641,95,7
1669,ENSG00000127580,0.342685,68,0
1670,ENSG00000127586,0.260521,68,15
1671,ENSG00000127588,0.280561,22,0
1672,ENSG00000127663,0.108216,0,13
1673,ENSG00000127774,0.112224,0,29
1674,ENSG00000127824,0.196393,1,21
1675,ENSG00000127837,0.216433,5,13
1676,ENSG00000127838,0.156313,0,18
1677,ENSG00000127870,0.12024,22,55
1678,ENSG00000127914,0.134269,10,14
1679,ENSG00000127920,0.152305,2,32
1680,ENSG00000127951,0.128257,0,126
1681,ENSG00000127954,0.174349,3,7
1682,ENSG00000127955,0.190381,0,3
1683,ENSG00000127957,0.208417,12,7
1684,ENSG00000127990,0.182365,9,19
1685,ENSG00000128011,0.519038,132,0
1686,ENSG00000128059,0.198397,22,7
1687,ENSG00000128165,0.412826,44,0
1688,ENSG00000128228,0.142285,21,33
1689,ENSG00000128266,0.152305,4,26
1690,ENSG00000128274,0.116232,0,39
1691,ENSG00000128298,0.104208,0,9
1692,ENSG00000128309,0.258517,68,10
1693,ENSG00000128310,0.330661,2,1
1694,ENSG00000128311,0.250501,46,8
1695,ENSG00000128394,0.220441,1,10
1696,ENSG00000128422,0.158317,4,14
1697,ENSG00000128487,0.160321,0,5
1698,ENSG00000128512,0.178357,0,6
1699,ENSG00000128564,0.208417,0,13
1700,ENSG00000128585,0.140281,21,38
1701,ENSG00000128590,0.126253,1,48
1702,ENSG00000128626,0.124248,32,38
1703,ENSG00000128683,0.184369,0,0
1704,ENSG00000128708,0.118236,0,11
1705,ENSG00000128714,0.182365,7,17
1706,ENSG00000128791,0.240481,38,12
1707,ENSG00000128918,0.198397,23,21
1708,ENSG00000128923,0.140281,31,26
1709,ENSG00000128951,0.146293,0,23
1710,ENSG00000128973,0.116232,3,61
1711,ENSG00000128989,0.194389,46,33
1712,ENSG00000129003,0.138277,43,27
1713,ENSG00000129116,0.210421,38,18
1714,ENSG00000129187,0.130261,0,12
1715,ENSG00000129194,0.352705,67,5
1716,ENSG00000129197,0.324649,24,5
1717,ENSG00000129235,0.176353,16,26
1718,ENSG00000129245,0.134269,0,4
1719,ENSG00000129315,0.126253,22,36
1720,ENSG00000129354,0.318637,56,3
1721,ENSG00000129422,0.368737,118,1
1722,ENSG00000129472,0.108216,0,36
1723,ENSG00000129515,0.11022,7,103
1724,ENSG00000129646,0.194389,1,17
1725,ENSG00000129691,0.172345,2,22
1726,ENSG00000129757,0.440882,78,1
1727,ENSG00000129824,0.222445,32,5
1728,ENSG00000129911,0.128257,0,59
1729,ENSG00000129925,0.216433,1,3
1730,ENSG00000129932,0.306613,55,7
1731,ENSG00000129946,0.342685,50,0
1732,ENSG00000129968,0.140281,8,50
1733,ENSG00000130066,0.122244,0,6
1734,ENSG00000130150,0.124248,0,3
1735,ENSG00000130159,0.108216,14,81
1736,ENSG00000130165,0.158317,23,31
1737,ENSG00000130175,0.142285,9,68
1738,ENSG00000130177,0.122244,0,1
1739,ENSG00000130202,0.170341,0,15
1740,ENSG00000130203,0.194389,3,2
1741,ENSG00000130204,0.218437,27,10
1742,ENSG00000130208,0.376754,9,0
1743,ENSG00000130224,0.202405,15,22
1744,ENSG00000130227,0.358717,50,0
1745,ENSG00000130244,0.416834,86,3
1746,ENSG00000130255,0.304609,44,3
1747,ENSG00000130299,0.176353,8,22
1748,ENSG00000130305,0.194389,34,19
1749,ENSG00000130313,0.176353,40,20
1750,ENSG00000130332,0.420842,115,3
1751,ENSG00000130338,0.174349,5,7
1752,ENSG00000130340,0.242485,50,1
1753,ENSG00000130349,0.182365,5,12
1754,ENSG00000130449,0.128257,18,51
1755,ENSG00000130479,0.192385,0,2
1756,ENSG00000130489,0.308617,65,1
1757,ENSG00000130511,0.230461,48,7
1758,ENSG00000130513,0.188377,0,4
1759,ENSG00000130520,0.162325,37,21
1760,ENSG00000130529,0.236473,25,17
1761,ENSG00000130545,0.108216,0,33
1762,ENSG00000130589,0.138277,1,16
1763,ENSG00000130590,0.230461,14,18
1764,ENSG00000130669,0.192385,1,10
1765,ENSG00000130701,0.118236,0,108
1766,ENSG00000130706,0.142285,10,22
1767,ENSG00000130714,0.180361,5,23
1768,ENSG00000130717,0.234469,39,6
1769,ENSG00000130724,0.220441,56,7
1770,ENSG00000130725,0.324649,77,6
1771,ENSG00000130726,0.194389,25,8
1772,ENSG00000130731,0.324649,77,8
1773,ENSG00000130733,0.196393,0,14
1774,ENSG00000130734,0.182365,1,33
1775,ENSG00000130741,0.102204,0,24
1776,ENSG00000130748,0.248497,59,16
1777,ENSG00000130758,0.200401,3,18
1778,ENSG00000130764,0.106212,0,77
1779,ENSG00000130768,0.232465,1,7
1780,ENSG00000130770,0.192385,33,42
1781,ENSG00000130810,0.310621,81,8
1782,ENSG00000130811,0.160321,23,27
1783,ENSG00000130826,0.202405,11,6
1784,ENSG00000130827,0.220441,8,2
1785,ENSG00000130881,0.154309,0,39
1786,ENSG00000130940,0.112224,0,28
1787,ENSG00000130962,0.222445,19,5
1788,ENSG00000130985,0.132265,0,19
1789,ENSG00000130988,0.250501,32,15
1790,ENSG00000130997,0.472946,88,0
1791,ENSG00000131013,0.114228,26,41
1792,ENSG00000131023,0.128257,35,17
1793,ENSG00000131037,0.116232,0,112
1794,ENSG00000131115,0.126253,0,12
1795,ENSG00000131116,0.136273,34,47
1796,ENSG00000131143,0.128257,2,26
1797,ENSG00000131149,0.106212,0,39
1798,ENSG00000131165,0.12024,2,96
1799,ENSG00000131171,0.164329,4,43
1800,ENSG00000131187,0.212425,6,11
1801,ENSG00000131188,0.438878,108,0
1802,ENSG00000131263,0.158317,23,6
1803,ENSG00000131368,0.368737,74,4
1804,ENSG00000131389,0.208417,34,13
1805,ENSG00000131408,0.150301,5,2
1806,ENSG00000131435,0.150301,0,44
1807,ENSG00000131437,0.158317,2,3
1808,ENSG00000131462,0.102204,0,33
1809,ENSG00000131467,0.204409,4,5
1810,ENSG00000131480,0.188377,0,1
1811,ENSG00000131504,0.130261,0,9
1812,ENSG00000131626,0.140281,5,12
1813,ENSG00000131634,0.136273,0,2
1814,ENSG00000131652,0.232465,47,8
1815,ENSG00000131653,0.116232,0,42
1816,ENSG00000131697,0.182365,3,17
1817,ENSG00000131711,0.220441,30,16
1818,ENSG00000131725,0.200401,71,18
1819,ENSG00000131730,0.180361,3,19
1820,ENSG00000131778,0.234469,1,12
1821,ENSG00000131831,0.328657,40,0
1822,ENSG00000131844,0.154309,0,15
1823,ENSG00000131848,0.226453,0,2
1824,ENSG00000131849,0.130261,0,24
1825,ENSG00000131876,0.12024,0,69
1826,ENSG00000131941,0.118236,0,32
1827,ENSG00000131981,0.336673,34,5
1828,ENSG00000132004,0.222445,26,12
1829,ENSG00000132153,0.224449,4,4
1830,ENSG00000132164,0.354709,10,1
1831,ENSG00000132182,0.214429,9,7
1832,ENSG00000132205,0.264529,0,0
1833,ENSG00000132254,0.310621,14,4
1834,ENSG00000132274,0.152305,12,27
1835,ENSG00000132286,0.152305,1,32
1836,ENSG00000132294,0.136273,15,58
1837,ENSG00000132300,0.172345,1,8
1838,ENSG00000132323,0.152305,17,17
1839,ENSG00000132329,0.256513,25,7
1840,ENSG00000132341,0.138277,2,14
1841,ENSG00000132356,0.106212,0,37
1842,ENSG00000132359,0.238477,11,9
1843,ENSG00000132361,0.1002,0,79
1844,ENSG00000132376,0.148297,1,49
1845,ENSG00000132382,0.162325,2,25
1846,ENSG00000132386,0.198397,22,19
1847,ENSG00000132388,0.136273,3,13
1848,ENSG00000132432,0.400802,135,0
1849,ENSG00000132463,0.240481,9,1
1850,ENSG00000132466,0.128257,12,33
1851,ENSG00000132485,0.128257,0,42
1852,ENSG00000132507,0.210421,17,4
1853,ENSG00000132535,0.240481,14,17
1854,ENSG00000132549,0.124248,1,34
1855,ENSG00000132591,0.11022,0,83
1856,ENSG00000132600,0.224449,10,10
1857,ENSG00000132612,0.242485,32,1
1858,ENSG00000132613,0.134269,0,84
1859,ENSG00000132635,0.262525,41,19
1860,ENSG00000132639,0.268537,37,14
1861,ENSG00000132646,0.128257,0,13
1862,ENSG00000132669,0.216433,19,11
1863,ENSG00000132676,0.106212,0,15
1864,ENSG00000132716,0.112224,0,42
1865,ENSG00000132749,0.182365,1,30
1866,ENSG00000132763,0.186373,0,8
1867,ENSG00000132768,0.332665,56,4
1868,ENSG00000132792,0.232465,4,2
1869,ENSG00000132801,0.170341,0,9
1870,ENSG00000132819,0.38477,55,2
1871,ENSG00000132821,0.232465,0,4
1872,ENSG00000132842,0.182365,29,14
1873,ENSG00000132855,0.136273,0,6
1874,ENSG00000132879,0.166333,15,26
1875,ENSG00000132953,0.122244,11,82
1876,ENSG00000132964,0.128257,5,16
1877,ENSG00000133026,0.142285,0,3
1878,ENSG00000133028,0.186373,0,6
1879,ENSG00000133048,0.11022,0,1
1880,ENSG00000133103,0.194389,33,8
1881,ENSG00000133104,0.282565,35,17
1882,ENSG00000133111,0.150301,6,6
1883,ENSG00000133112,0.130261,0,18
1884,ENSG00000133114,0.180361,18,7
1885,ENSG00000133131,0.156313,0,11
1886,ENSG00000133142,0.12024,0,19
1887,ENSG00000133243,0.286573,13,5
1888,ENSG00000133250,0.328657,62,7
1889,ENSG00000133256,0.306613,34,6
1890,ENSG00000133265,0.250501,62,13
1891,ENSG00000133275,0.114228,0,65
1892,ENSG00000133315,0.238477,39,25
1893,ENSG00000133316,0.174349,25,55
1894,ENSG00000133422,0.178357,0,17
1895,ENSG00000133424,0.236473,22,5
1896,ENSG00000133597,0.166333,0,18
1897,ENSG00000133606,0.184369,0,5
1898,ENSG00000133612,0.184369,18,17
1899,ENSG00000133619,0.168337,0,12
1900,ENSG00000133640,0.41483,23,0
1901,ENSG00000133657,0.186373,24,5
1902,ENSG00000133687,0.170341,15,32
1903,ENSG00000133704,0.174349,22,12
1904,ENSG00000133706,0.140281,3,30
1905,ENSG00000133731,0.220441,7,3
1906,ENSG00000133740,0.150301,3,16
1907,ENSG00000133805,0.166333,6,7
1908,ENSG00000133808,0.122244,0,9
1909,ENSG00000133816,0.246493,3,0
1910,ENSG00000133835,0.160321,0,8
1911,ENSG00000133895,0.42485,103,0
1912,ENSG00000133937,0.41483,46,0
1913,ENSG00000133961,0.140281,28,13
1914,ENSG00000133983,0.210421,4,2
1915,ENSG00000133985,0.216433,0,0
1916,ENSG00000134058,0.174349,0,7
1917,ENSG00000134086,0.142285,3,13
1918,ENSG00000134107,0.104208,0,54
1919,ENSG00000134109,0.112224,0,34
1920,ENSG00000134198,0.320641,60,13
1921,ENSG00000134202,0.344689,46,3
1922,ENSG00000134215,0.374749,35,2
1923,ENSG00000134287,0.144289,0,7
1924,ENSG00000134291,0.108216,0,3
1925,ENSG00000134294,0.144289,15,91
1926,ENSG00000134318,0.166333,38,30
1927,ENSG00000134324,0.196393,13,18
1928,ENSG00000134326,0.126253,2,4
1929,ENSG00000134352,0.428858,157,2
1930,ENSG00000134440,0.164329,6,4
1931,ENSG00000134452,0.118236,13,23
1932,ENSG00000134453,0.254509,10,0
1933,ENSG00000134461,0.246493,1,5
1934,ENSG00000134463,0.244489,0,0
1935,ENSG00000134480,0.142285,0,1
1936,ENSG00000134532,0.364729,61,4
1937,ENSG00000134533,0.162325,9,32
1938,ENSG00000134574,0.150301,0,9
1939,ENSG00000134602,0.152305,1,36
1940,ENSG00000134612,0.218437,0,0
1941,ENSG00000134644,0.126253,18,31
1942,ENSG00000134697,0.170341,1,34
1943,ENSG00000134709,0.142285,12,17
1944,ENSG00000134716,0.266533,26,3
1945,ENSG00000134809,0.102204,1,142
1946,ENSG00000134815,0.152305,3,39
1947,ENSG00000134817,0.140281,0,3
1948,ENSG00000134824,0.288577,0,0
1949,ENSG00000134825,0.11022,4,82
1950,ENSG00000134852,0.140281,30,28
1951,ENSG00000134897,0.186373,1,14
1952,ENSG00000134905,0.182365,16,30
1953,ENSG00000134909,0.126253,0,52
1954,ENSG00000134954,0.174349,18,18
1955,ENSG00000134970,0.204409,26,1
1956,ENSG00000134982,0.178357,52,25
1957,ENSG00000135018,0.256513,14,1
1958,ENSG00000135040,0.126253,0,13
1959,ENSG00000135047,0.128257,0,10
1960,ENSG00000135052,0.204409,0,3
1961,ENSG00000135063,0.268537,1,1
1962,ENSG00000135069,0.202405,0,4
1963,ENSG00000135083,0.490982,144,0
1964,ENSG00000135094,0.138277,0,1
1965,ENSG00000135097,0.374749,49,0
1966,ENSG00000135100,0.150301,6,3
1967,ENSG00000135108,0.112224,13,100
1968,ENSG00000135124,0.220441,2,5
1969,ENSG00000135127,0.136273,0,16
1970,ENSG00000135144,0.182365,0,0
1971,ENSG00000135148,0.136273,0,0
1972,ENSG00000135185,0.156313,0,33
1973,ENSG00000135241,0.258517,60,6
1974,ENSG00000135269,0.44489,99,0
1975,ENSG00000135272,0.280561,41,7
1976,ENSG00000135315,0.246493,38,4
1977,ENSG00000135316,0.132265,10,61
1978,ENSG00000135318,0.218437,37,21
1979,ENSG00000135324,0.460922,114,0
1980,ENSG00000135336,0.11022,0,129
1981,ENSG00000135338,0.174349,36,24
1982,ENSG00000135341,0.158317,15,17
1983,ENSG00000135378,0.166333,1,15
1984,ENSG00000135387,0.144289,18,11
1985,ENSG00000135390,0.270541,52,2
1986,ENSG00000135392,0.126253,33,27
1987,ENSG00000135404,0.126253,1,36
1988,ENSG00000135409,0.352705,5,0
1989,ENSG00000135457,0.208417,9,8
1990,ENSG00000135480,0.114228,1,15
1991,ENSG00000135525,0.128257,0,33
1992,ENSG00000135540,0.148297,0,12
1993,ENSG00000135547,0.202405,0,3
1994,ENSG00000135587,0.360721,43,0
1995,ENSG00000135617,0.168337,1,1
1996,ENSG00000135632,0.186373,2,16
1997,ENSG00000135637,0.284569,38,2
1998,ENSG00000135720,0.134269,50,45
1999,ENSG00000135722,0.214429,3,24
2000,ENSG00000135723,0.11022,0,15
2001,ENSG00000135766,0.11022,4,81
2002,ENSG00000135821,0.312625,28,2
2003,ENSG00000135837,0.140281,44,25
2004,ENSG00000135845,0.124248,0,10
2005,ENSG00000135913,0.158317,52,17
2006,ENSG00000135930,0.170341,18,12
2007,ENSG00000135932,0.108216,0,11
2008,ENSG00000135940,0.134269,23,73
2009,ENSG00000135951,0.280561,0,0
2010,ENSG00000135966,0.208417,18,7
2011,ENSG00000135968,0.248497,31,3
2012,ENSG00000135972,0.146293,2,26
2013,ENSG00000135974,0.138277,10,21
2014,ENSG00000135999,0.122244,15,70
2015,ENSG00000136003,0.198397,2,3
2016,ENSG00000136044,0.104208,0,13
2017,ENSG00000136048,0.164329,0,39
2018,ENSG00000136051,0.180361,57,10
2019,ENSG00000136059,0.166333,0,15
2020,ENSG00000136098,0.146293,0,8
2021,ENSG00000136100,0.194389,15,10
2022,ENSG00000136141,0.180361,33,37
2023,ENSG00000136143,0.264529,29,0
2024,ENSG00000136146,0.340681,14,0
2025,ENSG00000136147,0.210421,4,24
2026,ENSG00000136149,0.208417,41,7
2027,ENSG00000136156,0.340681,32,1
2028,ENSG00000136158,0.256513,34,6
2029,ENSG00000136161,0.232465,30,11
2030,ENSG00000136167,0.104208,0,1
2031,ENSG00000136169,0.136273,0,47
2032,ENSG00000136193,0.266533,48,14
2033,ENSG00000136240,0.146293,0,8
2034,ENSG00000136243,0.258517,21,4
2035,ENSG00000136270,0.150301,4,36
2036,ENSG00000136271,0.370741,64,1
2037,ENSG00000136273,0.116232,0,5
2038,ENSG00000136274,0.348697,51,12
2039,ENSG00000136279,0.184369,9,2
2040,ENSG00000136379,0.136273,0,5
2041,ENSG00000136436,0.134269,19,23
2042,ENSG00000136444,0.633267,140,0
2043,ENSG00000136478,0.226453,15,0
2044,ENSG00000136485,0.210421,21,5
2045,ENSG00000136603,0.118236,5,140
2046,ENSG00000136628,0.266533,44,4
2047,ENSG00000136643,0.250501,0,0
2048,ENSG00000136695,0.286573,7,0
2049,ENSG00000136699,0.238477,6,4
2050,ENSG00000136715,0.12024,0,30
2051,ENSG00000136718,0.214429,21,8
2052,ENSG00000136731,0.138277,8,20
2053,ENSG00000136732,0.12024,4,36
2054,ENSG00000136758,0.132265,24,27
2055,ENSG00000136810,0.156313,6,15
2056,ENSG00000136813,0.254509,45,5
2057,ENSG00000136816,0.348697,2,0
2058,ENSG00000136819,0.132265,0,15
2059,ENSG00000136828,0.142285,1,14
2060,ENSG00000136840,0.284569,19,11
2061,ENSG00000136870,0.142285,0,4
2062,ENSG00000136877,0.230461,35,6
2063,ENSG00000136878,0.12024,0,18
2064,ENSG00000136883,0.170341,3,18
2065,ENSG00000136888,0.140281,0,17
2066,ENSG00000136895,0.122244,0,4
2067,ENSG00000136908,0.270541,83,13
2068,ENSG00000136918,0.134269,5,6
2069,ENSG00000136925,0.122244,40,41
2070,ENSG00000136930,0.134269,12,41
2071,ENSG00000136937,0.152305,8,5
2072,ENSG00000136942,0.136273,34,48
2073,ENSG00000136944,0.48497,7,0
2074,ENSG00000136950,0.324649,85,4
2075,ENSG00000136986,0.108216,1,12
2076,ENSG00000137055,0.210421,17,3
2077,ENSG00000137074,0.216433,21,13
2078,ENSG00000137075,0.12024,26,37
2079,ENSG00000137133,0.108216,10,81
2080,ENSG00000137145,0.160321,65,30
2081,ENSG00000137161,0.184369,40,22
2082,ENSG00000137185,0.180361,3,17
2083,ENSG00000137200,0.112224,1,8
2084,ENSG00000137218,0.138277,0,40
2085,ENSG00000137267,0.224449,10,6
2086,ENSG00000137274,0.240481,5,3
2087,ENSG00000137288,0.12024,19,49
2088,ENSG00000137331,0.192385,7,9
2089,ENSG00000137343,0.296593,35,7
2090,ENSG00000137393,0.226453,1,0
2091,ENSG00000137404,0.152305,2,25
2092,ENSG00000137411,0.148297,0,40
2093,ENSG00000137414,0.156313,25,15
2094,ENSG00000137449,0.170341,15,20
2095,ENSG00000137462,0.200401,19,15
2096,ENSG00000137473,0.154309,2,11
2097,ENSG00000137492,0.152305,0,4
2098,ENSG00000137497,0.216433,5,3
2099,ENSG00000137504,0.190381,18,11
2100,ENSG00000137513,0.198397,8,5
2101,ENSG00000137563,0.144289,0,4
2102,ENSG00000137642,0.160321,6,33
2103,ENSG00000137691,0.258517,17,12
2104,ENSG00000137693,0.118236,12,114
2105,ENSG00000137713,0.146293,0,13
2106,ENSG00000137726,0.116232,3,48
2107,ENSG00000137764,0.244489,3,0
2108,ENSG00000137814,0.136273,27,36
2109,ENSG00000137817,0.204409,0,18
2110,ENSG00000137818,0.156313,31,24
2111,ENSG00000137834,0.200401,1,9
2112,ENSG00000137872,0.300601,48,12
2113,ENSG00000137942,0.138277,2,24
2114,ENSG00000137944,0.132265,0,7
2115,ENSG00000137960,0.308617,37,8
2116,ENSG00000137965,0.128257,2,3
2117,ENSG00000137970,0.1002,0,92
2118,ENSG00000137976,0.138277,0,10
2119,ENSG00000138002,0.114228,0,17
2120,ENSG00000138018,0.154309,8,18
2121,ENSG00000138035,0.286573,19,0
2122,ENSG00000138073,0.146293,0,43
2123,ENSG00000138074,0.164329,0,16
2124,ENSG00000138078,0.182365,24,6
2125,ENSG00000138081,0.126253,44,47
2126,ENSG00000138092,0.282565,31,4
2127,ENSG00000138095,0.150301,6,13
2128,ENSG00000138303,0.330661,62,3
2129,ENSG00000138326,0.268537,37,3
2130,ENSG00000138356,0.316633,47,15
2131,ENSG00000138375,0.196393,0,1
2132,ENSG00000138380,0.160321,24,8
2133,ENSG00000138386,0.322645,77,4
2134,ENSG00000138398,0.158317,17,7
2135,ENSG00000138400,0.262525,9,1
2136,ENSG00000138439,0.194389,1,12
2137,ENSG00000138442,0.178357,8,10
2138,ENSG00000138463,0.122244,0,5
2139,ENSG00000138496,0.228457,7,2
2140,ENSG00000138592,0.116232,29,20
2141,ENSG00000138593,0.242485,10,1
2142,ENSG00000138621,0.166333,19,25
2143,ENSG00000138629,0.126253,26,80
2144,ENSG00000138674,0.162325,33,14
2145,ENSG00000138685,0.140281,11,29
2146,ENSG00000138738,0.238477,32,14
2147,ENSG00000138764,0.202405,2,8
2148,ENSG00000138768,0.106212,5,59
2149,ENSG00000138771,0.186373,1,16
2150,ENSG00000138795,0.168337,0,1
2151,ENSG00000138798,0.248497,1,1
2152,ENSG00000138814,0.134269,0,17
2153,ENSG00000139112,0.132265,0,19
2154,ENSG00000139116,0.12024,1,23
2155,ENSG00000139131,0.224449,2,7
2156,ENSG00000139146,0.314629,83,1
2157,ENSG00000139154,0.106212,5,102
2158,ENSG00000139173,0.250501,1,5
2159,ENSG00000139178,0.118236,0,23
2160,ENSG00000139192,0.116232,0,13
2161,ENSG00000139211,0.218437,10,8
2162,ENSG00000139219,0.118236,0,5
2163,ENSG00000139266,0.436874,134,2
2164,ENSG00000139289,0.264529,6,11
2165,ENSG00000139318,0.160321,2,18
2166,ENSG00000139323,0.158317,26,14
2167,ENSG00000139324,0.128257,11,59
2168,ENSG00000139343,0.138277,2,65
2169,ENSG00000139405,0.310621,14,3
2170,ENSG00000139410,0.250501,47,6
2171,ENSG00000139428,0.126253,11,130
2172,ENSG00000139436,0.124248,28,51
2173,ENSG00000139438,0.148297,0,11
2174,ENSG00000139445,0.322645,6,1
2175,ENSG00000139496,0.112224,0,59
2176,ENSG00000139514,0.262525,15,3
2177,ENSG00000139517,0.170341,18,9
2178,ENSG00000139531,0.220441,6,6
2179,ENSG00000139537,0.146293,0,5
2180,ENSG00000139546,0.294589,44,6
2181,ENSG00000139579,0.186373,19,13
2182,ENSG00000139613,0.108216,16,93
2183,ENSG00000139637,0.198397,49,12
2184,ENSG00000139645,0.204409,8,1
2185,ENSG00000139684,0.190381,3,17
2186,ENSG00000139687,0.222445,54,13
2187,ENSG00000139697,0.160321,27,18
2188,ENSG00000139726,0.118236,0,16
2189,ENSG00000139746,0.146293,0,11
2190,ENSG00000139793,0.264529,42,17
2191,ENSG00000139826,0.256513,55,3
2192,ENSG00000139835,0.140281,0,14
2193,ENSG00000139865,0.246493,4,2
2194,ENSG00000139874,0.140281,0,17
2195,ENSG00000139880,0.138277,0,2
2196,ENSG00000139926,0.282565,82,19
2197,ENSG00000139946,0.166333,7,23
2198,ENSG00000139985,0.194389,1,0
2199,ENSG00000139988,0.178357,0,11
2200,ENSG00000140006,0.180361,1,4
2201,ENSG00000140044,0.206413,11,14
2202,ENSG00000140104,0.348697,71,8
2203,ENSG00000140105,0.150301,1,0
2204,ENSG00000140157,0.180361,0,4
2205,ENSG00000140262,0.122244,30,42
2206,ENSG00000140264,0.136273,20,43
2207,ENSG00000140284,0.238477,0,3
2208,ENSG00000140285,0.242485,27,11
2209,ENSG00000140299,0.138277,3,65
2210,ENSG00000140332,0.156313,0,6
2211,ENSG00000140365,0.240481,58,11
2212,ENSG00000140382,0.170341,49,14
2213,ENSG00000140386,0.140281,23,33
2214,ENSG00000140398,0.108216,1,75
2215,ENSG00000140443,0.138277,2,2
2216,ENSG00000140463,0.196393,5,6
2217,ENSG00000140474,0.503006,103,0
2218,ENSG00000140479,0.462926,93,1
2219,ENSG00000140526,0.242485,18,4
2220,ENSG00000140527,0.168337,2,7
2221,ENSG00000140563,0.204409,1,7
2222,ENSG00000140575,0.246493,105,16
2223,ENSG00000140598,0.116232,0,46
2224,ENSG00000140623,0.426854,1,1
2225,ENSG00000140632,0.12024,28,2
2226,ENSG00000140650,0.232465,8,5
2227,ENSG00000140691,0.200401,25,14
2228,ENSG00000140718,0.322645,103,3
2229,ENSG00000140743,0.160321,10,22
2230,ENSG00000140832,0.134269,0,47
2231,ENSG00000140839,0.326653,8,2
2232,ENSG00000140848,0.11022,0,14
2233,ENSG00000140854,0.290581,6,3
2234,ENSG00000140905,0.140281,0,11
2235,ENSG00000140941,0.52505,136,0
2236,ENSG00000140983,0.122244,2,114
2237,ENSG00000140988,0.240481,43,3
2238,ENSG00000140990,0.330661,113,8
2239,ENSG00000141002,0.158317,4,28
2240,ENSG00000141084,0.134269,0,24
2241,ENSG00000141101,0.168337,0,6
2242,ENSG00000141252,0.124248,0,21
2243,ENSG00000141279,0.222445,29,4
2244,ENSG00000141294,0.260521,12,2
2245,ENSG00000141295,0.186373,25,21
2246,ENSG00000141367,0.164329,16,4
2247,ENSG00000141378,0.354709,72,4
2248,ENSG00000141404,0.302605,47,12
2249,ENSG00000141447,0.118236,13,76
2250,ENSG00000141497,0.146293,0,9
2251,ENSG00000141504,0.128257,12,99
2252,ENSG00000141519,0.330661,50,4
2253,ENSG00000141522,0.507014,94,0
2254,ENSG00000141524,0.200401,1,0
2255,ENSG00000141542,0.128257,0,6
2256,ENSG00000141551,0.308617,8,0
2257,ENSG00000141552,0.118236,30,55
2258,ENSG00000141556,0.142285,2,44
2259,ENSG00000141562,0.178357,23,32
2260,ENSG00000141568,0.132265,0,17
2261,ENSG00000141569,0.324649,10,1
2262,ENSG00000141570,0.42485,46,0
2263,ENSG00000141577,0.160321,13,28
2264,ENSG00000141580,0.160321,0,18
2265,ENSG00000141582,0.282565,1,3
2266,ENSG00000141627,0.132265,0,26
2267,ENSG00000141644,0.176353,18,4
2268,ENSG00000141696,0.452906,62,0
2269,ENSG00000141741,0.160321,23,37
2270,ENSG00000141750,0.244489,12,10
2271,ENSG00000141753,0.168337,8,22
2272,ENSG00000141756,0.372745,4,0
2273,ENSG00000141759,0.264529,40,6
2274,ENSG00000141873,0.322645,56,3
2275,ENSG00000141956,0.236473,19,3
2276,ENSG00000141994,0.124248,0,82
2277,ENSG00000142089,0.136273,0,47
2278,ENSG00000142149,0.340681,48,0
2279,ENSG00000142156,0.11022,1,62
2280,ENSG00000142166,0.116232,0,26
2281,ENSG00000142168,0.146293,19,28
2282,ENSG00000142186,0.326653,38,1
2283,ENSG00000142188,0.118236,0,9
2284,ENSG00000142192,0.196393,3,9
2285,ENSG00000142197,0.284569,17,2
2286,ENSG00000142227,0.180361,11,29
2287,ENSG00000142252,0.116232,14,109
2288,ENSG00000142273,0.258517,12,4
2289,ENSG00000142319,0.178357,0,5
2290,ENSG00000142327,0.238477,30,6
2291,ENSG00000142330,0.180361,7,16
2292,ENSG00000142396,0.232465,8,1
2293,ENSG00000142405,0.302605,1,0
2294,ENSG00000142494,0.320641,45,5
2295,ENSG00000142507,0.11022,18,74
2296,ENSG00000142513,0.138277,0,18
2297,ENSG00000142515,0.12024,0,35
2298,ENSG00000142530,0.162325,25,34
2299,ENSG00000142541,0.162325,16,25
2300,ENSG00000142544,0.448898,99,3
2301,ENSG00000142546,0.108216,19,59
2302,ENSG00000142556,0.150301,4,27
2303,ENSG00000142599,0.184369,13,8
2304,ENSG00000142606,0.134269,0,11
2305,ENSG00000142627,0.250501,17,5
2306,ENSG00000142632,0.142285,0,23
2307,ENSG00000142655,0.172345,6,6
2308,ENSG00000142676,0.218437,36,11
2309,ENSG00000142684,0.352705,72,2
2310,ENSG00000142687,0.282565,9,6
2311,ENSG00000142694,0.178357,15,4
2312,ENSG00000142751,0.198397,0,14
2313,ENSG00000142910,0.426854,104,2
2314,ENSG00000142920,0.186373,0,4
2315,ENSG00000143001,0.190381,0,2
2316,ENSG00000143013,0.12024,0,61
2317,ENSG00000143093,0.12024,0,3
2318,ENSG00000143153,0.294589,21,8
2319,ENSG00000143158,0.128257,0,34
2320,ENSG00000143162,0.122244,0,36
2321,ENSG00000143164,0.272545,7,1
2322,ENSG00000143198,0.140281,0,11
2323,ENSG00000143224,0.376754,89,4
2324,ENSG00000143318,0.448898,50,0
2325,ENSG00000143320,0.132265,1,21
2326,ENSG00000143337,0.276553,78,12
2327,ENSG00000143344,0.144289,8,26
2328,ENSG00000143363,0.190381,38,9
2329,ENSG00000143365,0.146293,0,20
2330,ENSG00000143374,0.306613,6,0
2331,ENSG00000143401,0.48497,78,0
2332,ENSG00000143418,0.246493,0,4
2333,ENSG00000143437,0.118236,34,72
2334,ENSG00000143499,0.256513,1,0
2335,ENSG00000143537,0.124248,0,30
2336,ENSG00000143554,0.238477,0,12
2337,ENSG00000143578,0.174349,1,49
2338,ENSG00000143624,0.12024,0,25
2339,ENSG00000143632,0.260521,2,5
2340,ENSG00000143643,0.140281,0,7
2341,ENSG00000143740,0.134269,0,18
2342,ENSG00000143748,0.124248,0,31
2343,ENSG00000143751,0.162325,37,29
2344,ENSG00000143753,0.246493,5,4
2345,ENSG00000143774,0.136273,25,37
2346,ENSG00000143776,0.148297,16,27
2347,ENSG00000143793,0.194389,38,16
2348,ENSG00000143799,0.172345,3,2
2349,ENSG00000143801,0.114228,0,11
2350,ENSG00000143811,0.156313,0,4
2351,ENSG00000143845,0.571142,82,1
2352,ENSG00000143878,0.170341,5,19
2353,ENSG00000143891,0.146293,0,53
2354,ENSG00000143924,0.170341,13,7
2355,ENSG00000143970,0.172345,44,15
2356,ENSG00000143995,0.242485,32,13
2357,ENSG00000144026,0.130261,1,51
2358,ENSG00000144029,0.350701,53,2
2359,ENSG00000144036,0.12024,34,67
2360,ENSG00000144134,0.138277,1,34
2361,ENSG00000144161,0.150301,0,20
2362,ENSG00000144228,0.240481,14,0
2363,ENSG00000144231,0.352705,36,0
2364,ENSG00000144331,0.162325,0,2
2365,ENSG00000144357,0.216433,54,6
2366,ENSG00000144362,0.108216,0,6
2367,ENSG00000144381,0.106212,0,52
2368,ENSG00000144445,0.228457,56,9
2369,ENSG00000144476,0.142285,3,32
2370,ENSG00000144481,0.122244,0,16
2371,ENSG00000144485,0.178357,1,9
2372,ENSG00000144524,0.124248,0,44
2373,ENSG00000144560,0.118236,22,60
2374,ENSG00000144566,0.1002,1,80
2375,ENSG00000144580,0.158317,1,14
2376,ENSG00000144589,0.164329,0,23
2377,ENSG00000144591,0.198397,27,28
2378,ENSG00000144642,0.476954,151,2
2379,ENSG00000144668,0.156313,14,29
2380,ENSG00000144674,0.176353,22,8
2381,ENSG00000144677,0.126253,0,2
2382,ENSG00000144712,0.234469,26,10
2383,ENSG00000144713,0.142285,19,14
2384,ENSG00000144747,0.142285,30,17
2385,ENSG00000144749,0.346693,12,1
2386,ENSG00000144792,0.418838,69,2
2387,ENSG00000144824,0.152305,4,34
2388,ENSG00000144843,0.224449,2,6
2389,ENSG00000144891,0.146293,0,2
2390,ENSG00000144909,0.468938,52,0
2391,ENSG00000144935,0.208417,18,20
2392,ENSG00000145012,0.118236,24,89
2393,ENSG00000145014,0.272545,6,0
2394,ENSG00000145050,0.180361,3,11
2395,ENSG00000145075,0.224449,6,0
2396,ENSG00000145087,0.304609,30,2
2397,ENSG00000145191,0.248497,8,2
2398,ENSG00000145214,0.146293,0,13
2399,ENSG00000145217,0.380762,51,2
2400,ENSG00000145247,0.102204,1,56
2401,ENSG00000145284,0.258517,13,8
2402,ENSG00000145321,0.150301,2,4
2403,ENSG00000145335,0.114228,0,18
2404,ENSG00000145348,0.138277,14,40
2405,ENSG00000145349,0.268537,35,2
2406,ENSG00000145390,0.210421,45,5
2407,ENSG00000145431,0.116232,3,46
2408,ENSG00000145491,0.312625,14,1
2409,ENSG00000145494,0.378758,56,5
2410,ENSG00000145495,0.318637,103,2
2411,ENSG00000145555,0.212425,19,1
2412,ENSG00000145592,0.302605,61,0
2413,ENSG00000145675,0.170341,25,34
2414,ENSG00000145687,0.254509,34,10
2415,ENSG00000145715,0.146293,31,31
2416,ENSG00000145730,0.12024,1,69
2417,ENSG00000145734,0.142285,28,17
2418,ENSG00000145740,0.194389,11,6
2419,ENSG00000145743,0.224449,35,6
2420,ENSG00000145780,0.164329,21,18
2421,ENSG00000145782,0.228457,12,1
2422,ENSG00000145832,0.250501,12,1
2423,ENSG00000145860,0.194389,20,11
2424,ENSG00000145882,0.206413,0,3
2425,ENSG00000145907,0.102204,0,51
2426,ENSG00000145908,0.112224,0,35
2427,ENSG00000145912,0.204409,27,29
2428,ENSG00000145916,0.134269,0,19
2429,ENSG00000145982,0.114228,6,41
2430,ENSG00000146013,0.224449,3,16
2431,ENSG00000146070,0.138277,0,14
2432,ENSG00000146083,0.254509,21,3
2433,ENSG00000146085,0.140281,2,15
2434,ENSG00000146112,0.138277,6,36
2435,ENSG00000146205,0.11022,0,24
2436,ENSG00000146223,0.254509,13,3
2437,ENSG00000146247,0.152305,32,25
2438,ENSG00000146278,0.126253,1,43
2439,ENSG00000146373,0.298597,48,5
2440,ENSG00000146376,0.160321,0,4
2441,ENSG00000146433,0.142285,1,7
2442,ENSG00000146463,0.118236,19,38
2443,ENSG00000146477,0.12024,1,58
2444,ENSG00000146540,0.126253,17,105
2445,ENSG00000146555,0.216433,1,7
2446,ENSG00000146576,0.236473,30,10
2447,ENSG00000146587,0.114228,3,40
2448,ENSG00000146677,0.124248,6,3
2449,ENSG00000146701,0.126253,1,88
2450,ENSG00000146802,0.114228,0,11
2451,ENSG00000146830,0.116232,0,58
2452,ENSG00000146833,0.132265,11,31
2453,ENSG00000146834,0.130261,0,9
2454,ENSG00000146955,0.398798,86,1
2455,ENSG00000146963,0.108216,0,37
2456,ENSG00000147003,0.170341,0,1
2457,ENSG00000147027,0.124248,2,114
2458,ENSG00000147065,0.332665,81,12
2459,ENSG00000147099,0.154309,0,19
2460,ENSG00000147123,0.108216,9,41
2461,ENSG00000147124,0.136273,35,25
2462,ENSG00000147162,0.254509,39,8
2463,ENSG00000147180,0.236473,27,16
2464,ENSG00000147224,0.190381,1,11
2465,ENSG00000147234,0.61523,107,0
2466,ENSG00000147274,0.190381,4,6
2467,ENSG00000147316,0.266533,23,1
2468,ENSG00000147364,0.194389,0,2
2469,ENSG00000147394,0.212425,17,10
2470,ENSG00000147400,0.138277,0,11
2471,ENSG00000147408,0.142285,1,7
2472,ENSG00000147416,0.188377,6,12
2473,ENSG00000147419,0.278557,6,2
2474,ENSG00000147454,0.250501,7,0
2475,ENSG00000147471,0.420842,29,0
2476,ENSG00000147475,0.170341,12,9
2477,ENSG00000147526,0.252505,58,13
2478,ENSG00000147535,0.124248,0,19
2479,ENSG00000147548,0.248497,40,5
2480,ENSG00000147576,0.126253,0,5
2481,ENSG00000147586,0.170341,5,3
2482,ENSG00000147601,0.158317,17,21
2483,ENSG00000147604,0.192385,19,7
2484,ENSG00000147650,0.276553,10,0
2485,ENSG00000147684,0.108216,2,110
2486,ENSG00000147789,0.208417,10,9
2487,ENSG00000147799,0.346693,58,0
2488,ENSG00000147804,0.128257,1,78
2489,ENSG00000147813,0.226453,16,5
2490,ENSG00000147853,0.188377,7,3
2491,ENSG00000147955,0.170341,0,37
2492,ENSG00000148019,0.124248,6,19
2493,ENSG00000148120,0.198397,18,15
2494,ENSG00000148153,0.114228,0,19
2495,ENSG00000148175,0.226453,38,13
2496,ENSG00000148180,0.126253,4,24
2497,ENSG00000148288,0.236473,2,10
2498,ENSG00000148291,0.300601,79,5
2499,ENSG00000148296,0.228457,20,4
2500,ENSG00000148300,0.284569,54,5
2501,ENSG00000148303,0.232465,23,4
2502,ENSG00000148308,0.244489,50,12
2503,ENSG00000148334,0.296593,63,8
2504,ENSG00000148335,0.204409,17,4
2505,ENSG00000148337,0.184369,0,8
2506,ENSG00000148341,0.128257,1,83
2507,ENSG00000148346,0.138277,1,14
2508,ENSG00000148356,0.486974,89,0
2509,ENSG00000148362,0.286573,88,6
2510,ENSG00000148384,0.144289,0,60
2511,ENSG00000148396,0.306613,62,5
2512,ENSG00000148399,0.346693,70,2
2513,ENSG00000148450,0.108216,0,18
2514,ENSG00000148468,0.152305,0,6
2515,ENSG00000148484,0.138277,11,61
2516,ENSG00000148513,0.168337,1,2
2517,ENSG00000148606,0.194389,5,7
2518,ENSG00000148655,0.160321,0,22
2519,ENSG00000148700,0.190381,4,19
2520,ENSG00000148719,0.154309,0,7
2521,ENSG00000148730,0.406814,123,1
2522,ENSG00000148735,0.104208,0,13
2523,ENSG00000148737,0.190381,26,8
2524,ENSG00000148803,0.122244,0,66
2525,ENSG00000148824,0.326653,37,5
2526,ENSG00000148832,0.350701,42,1
2527,ENSG00000148834,0.188377,0,2
2528,ENSG00000148841,0.218437,11,15
2529,ENSG00000148842,0.204409,4,2
2530,ENSG00000148843,0.154309,1,16
2531,ENSG00000149016,0.280561,64,6
2532,ENSG00000149131,0.176353,12,13
2533,ENSG00000149177,0.124248,1,21
2534,ENSG00000149179,0.114228,0,106
2535,ENSG00000149187,0.214429,28,5
2536,ENSG00000149231,0.368737,40,0
2537,ENSG00000149243,0.226453,0,15
2538,ENSG00000149260,0.132265,0,8
2539,ENSG00000149294,0.298597,17,16
2540,ENSG00000149308,0.136273,45,41
2541,ENSG00000149313,0.112224,31,35
2542,ENSG00000149328,0.118236,0,24
2543,ENSG00000149418,0.164329,0,19
2544,ENSG00000149451,0.156313,4,19
2545,ENSG00000149476,0.292585,28,3
2546,ENSG00000149483,0.288577,0,0
2547,ENSG00000149485,0.41483,5,0
2548,ENSG00000149499,0.138277,0,15
2549,ENSG00000149506,0.268537,1,0
2550,ENSG00000149532,0.112224,0,58
2551,ENSG00000149541,0.334669,85,4
2552,ENSG00000149557,0.150301,10,20
2553,ENSG00000149639,0.114228,0,48
2554,ENSG00000149657,0.248497,13,2
2555,ENSG00000149658,0.228457,2,2
2556,ENSG00000149679,0.176353,2,7
2557,ENSG00000149716,0.422846,99,0
2558,ENSG00000149761,0.104208,4,139
2559,ENSG00000149782,0.130261,0,19
2560,ENSG00000149809,0.108216,0,92
2561,ENSG00000149823,0.12024,0,42
2562,ENSG00000149923,0.188377,34,22
2563,ENSG00000149925,0.166333,0,3
2564,ENSG00000149930,0.240481,6,0
2565,ENSG00000149970,0.158317,5,8
2566,ENSG00000150093,0.122244,38,65
2567,ENSG00000150281,0.639279,123,0
2568,ENSG00000150401,0.126253,0,22
2569,ENSG00000150455,0.132265,24,10
2570,ENSG00000150510,0.190381,12,23
2571,ENSG00000150593,0.114228,0,10
2572,ENSG00000150676,0.302605,0,0
2573,ENSG00000150753,0.126253,2,24
2574,ENSG00000150760,0.208417,39,9
2575,ENSG00000150768,0.158317,17,8
2576,ENSG00000150907,0.214429,55,21
2577,ENSG00000150938,0.192385,45,27
2578,ENSG00000150961,0.11022,0,29
2579,ENSG00000150977,0.188377,7,22
2580,ENSG00000151012,0.230461,1,1
2581,ENSG00000151092,0.168337,0,11
2582,ENSG00000151117,0.513026,67,0
2583,ENSG00000151131,0.126253,4,33
2584,ENSG00000151136,0.118236,0,31
2585,ENSG00000151292,0.132265,8,11
2586,ENSG00000151348,0.124248,0,13
2587,ENSG00000151376,0.174349,0,30
2588,ENSG00000151414,0.212425,60,24
2589,ENSG00000151422,0.274549,69,8
2590,ENSG00000151491,0.136273,16,78
2591,ENSG00000151498,0.174349,6,5
2592,ENSG00000151500,0.158317,2,15
2593,ENSG00000151502,0.128257,0,19
2594,ENSG00000151532,0.138277,6,33
2595,ENSG00000151611,0.174349,1,5
2596,ENSG00000151623,0.400802,108,1
2597,ENSG00000151640,0.200401,0,1
2598,ENSG00000151689,0.282565,32,11
2599,ENSG00000151690,0.250501,49,10
2600,ENSG00000151692,0.102204,0,39
2601,ENSG00000151693,0.144289,40,24
2602,ENSG00000151694,0.126253,44,34
2603,ENSG00000151715,0.176353,0,14
2604,ENSG00000151718,0.220441,60,15
2605,ENSG00000151729,0.148297,0,3
2606,ENSG00000151778,0.166333,6,26
2607,ENSG00000151892,0.168337,9,26
2608,ENSG00000152061,0.300601,65,5
2609,ENSG00000152082,0.306613,51,6
2610,ENSG00000152104,0.160321,17,36
2611,ENSG00000152133,0.182365,26,10
2612,ENSG00000152137,0.430862,138,5
2613,ENSG00000152147,0.122244,2,68
2614,ENSG00000152217,0.118236,16,74
2615,ENSG00000152234,0.174349,1,1
2616,ENSG00000152242,0.192385,36,6
2617,ENSG00000152270,0.166333,12,11
2618,ENSG00000152284,0.430862,90,5
2619,ENSG00000152380,0.182365,1,9
2620,ENSG00000152404,0.124248,4,102
2621,ENSG00000152443,0.136273,1,16
2622,ENSG00000152464,0.182365,3,17
2623,ENSG00000152467,0.220441,0,2
2624,ENSG00000152475,0.236473,29,21
2625,ENSG00000152484,0.106212,11,73
2626,ENSG00000152503,0.114228,0,24
2627,ENSG00000152518,0.306613,32,3
2628,ENSG00000152520,0.114228,16,94
2629,ENSG00000152556,0.166333,6,22
2630,ENSG00000152558,0.102204,0,34
2631,ENSG00000152583,0.256513,33,12
2632,ENSG00000152601,0.174349,29,52
2633,ENSG00000152611,0.178357,5,2
2634,ENSG00000152620,0.146293,0,10
2635,ENSG00000152661,0.202405,22,18
2636,ENSG00000152749,0.130261,4,14
2637,ENSG00000152778,0.138277,0,99
2638,ENSG00000152795,0.112224,0,13
2639,ENSG00000152818,0.184369,17,7
2640,ENSG00000152939,0.160321,2,9
2641,ENSG00000152942,0.148297,5,4
2642,ENSG00000152944,0.322645,84,3
2643,ENSG00000152952,0.160321,0,29
2644,ENSG00000153006,0.134269,0,18
2645,ENSG00000153048,0.162325,3,10
2646,ENSG00000153066,0.192385,0,6
2647,ENSG00000153147,0.204409,40,22
2648,ENSG00000153250,0.334669,68,9
2649,ENSG00000153317,0.132265,31,53
2650,ENSG00000153339,0.164329,41,10
2651,ENSG00000153395,0.266533,2,0
2652,ENSG00000153406,0.380762,88,5
2653,ENSG00000153443,0.142285,3,85
2654,ENSG00000153495,0.156313,0,59
2655,ENSG00000153560,0.132265,20,41
2656,ENSG00000153561,0.11022,2,35
2657,ENSG00000153574,0.172345,0,11
2658,ENSG00000153790,0.232465,15,20
2659,ENSG00000153814,0.166333,12,33
2660,ENSG00000153885,0.156313,0,24
2661,ENSG00000153896,0.290581,4,4
2662,ENSG00000153898,0.254509,9,0
2663,ENSG00000153922,0.134269,18,48
2664,ENSG00000153936,0.202405,4,3
2665,ENSG00000153982,0.354709,50,1
2666,ENSG00000153989,0.112224,3,85
2667,ENSG00000154059,0.132265,4,13
2668,ENSG00000154080,0.346693,26,1
2669,ENSG00000154144,0.242485,10,2
2670,ENSG00000154188,0.472946,185,2
2671,ENSG00000154217,0.164329,2,36
2672,ENSG00000154222,0.114228,0,33
2673,ENSG00000154229,0.278557,37,10
2674,ENSG00000154274,0.254509,9,4
2675,ENSG00000154305,0.134269,0,17
2676,ENSG00000154310,0.190381,14,12
2677,ENSG00000154319,0.320641,23,3
2678,ENSG00000154328,0.118236,0,6
2679,ENSG00000154330,0.278557,51,12
2680,ENSG00000154359,0.174349,11,18
2681,ENSG00000154370,0.422846,67,1
2682,ENSG00000154380,0.364729,95,4
2683,ENSG00000154447,0.158317,8,15
2684,ENSG00000154511,0.116232,0,100
2685,ENSG00000154548,0.158317,0,2
2686,ENSG00000154582,0.140281,6,25
2687,ENSG00000154640,0.250501,7,9
2688,ENSG00000154642,0.154309,16,34
2689,ENSG00000154710,0.130261,2,82
2690,ENSG00000154743,0.156313,0,23
2691,ENSG00000154832,0.118236,2,88
2692,ENSG00000154945,0.142285,25,32
2693,ENSG00000154957,0.122244,0,65
2694,ENSG00000155085,0.162325,0,13
2695,ENSG00000155090,0.142285,4,23
2696,ENSG00000155093,0.118236,0,22
2697,ENSG00000155096,0.106212,10,59
2698,ENSG00000155097,0.202405,8,1
2699,ENSG00000155100,0.104208,0,59
2700,ENSG00000155189,0.116232,0,15
2701,ENSG00000155313,0.190381,37,7
2702,ENSG00000155330,0.206413,10,4
2703,ENSG00000155363,0.222445,1,5
2704,ENSG00000155393,0.114228,0,13
2705,ENSG00000155506,0.208417,21,12
2706,ENSG00000155530,0.258517,10,3
2707,ENSG00000155545,0.136273,13,27
2708,ENSG00000155636,0.288577,7,1
2709,ENSG00000155792,0.228457,1,2
2710,ENSG00000155876,0.132265,0,8
2711,ENSG00000155886,0.178357,0,3
2712,ENSG00000155961,0.126253,0,10
2713,ENSG00000155970,0.310621,36,7
2714,ENSG00000155974,0.290581,74,5
2715,ENSG00000155975,0.266533,49,8
2716,ENSG00000156011,0.104208,0,7
2717,ENSG00000156017,0.140281,10,10
2718,ENSG00000156050,0.224449,27,3
2719,ENSG00000156162,0.118236,18,47
2720,ENSG00000156170,0.374749,76,0
2721,ENSG00000156273,0.116232,0,22
2722,ENSG00000156345,0.124248,0,21
2723,ENSG00000156398,0.244489,1,4
2724,ENSG00000156411,0.11022,11,87
2725,ENSG00000156467,0.224449,49,5
2726,ENSG00000156469,0.240481,18,2
2727,ENSG00000156482,0.11022,1,91
2728,ENSG00000156502,0.238477,4,6
2729,ENSG00000156521,0.196393,5,21
2730,ENSG00000156642,0.258517,54,9
2731,ENSG00000156650,0.124248,24,36
2732,ENSG00000156697,0.108216,0,50
2733,ENSG00000156735,0.282565,32,4
2734,ENSG00000156795,0.118236,0,20
2735,ENSG00000156804,0.236473,8,12
2736,ENSG00000156853,0.144289,0,49
2737,ENSG00000156873,0.130261,22,57
2738,ENSG00000156875,0.126253,22,55
2739,ENSG00000156876,0.182365,25,7
2740,ENSG00000156928,0.154309,24,22
2741,ENSG00000156958,0.136273,0,4
2742,ENSG00000156968,0.240481,0,5
2743,ENSG00000156990,0.118236,0,169
2744,ENSG00000157014,0.240481,27,8
2745,ENSG00000157020,0.190381,8,12
2746,ENSG00000157107,0.160321,29,25
2747,ENSG00000157110,0.242485,30,17
2748,ENSG00000157184,0.348697,20,0
2749,ENSG00000157212,0.162325,12,14
2750,ENSG00000157214,0.116232,0,22
2751,ENSG00000157306,0.184369,9,15
2752,ENSG00000157343,0.234469,24,16
2753,ENSG00000157404,0.220441,17,9
2754,ENSG00000157450,0.158317,51,19
2755,ENSG00000157470,0.158317,0,4
2756,ENSG00000157500,0.116232,13,39
2757,ENSG00000157540,0.124248,38,24
2758,ENSG00000157554,0.226453,25,6
2759,ENSG00000157557,0.226453,14,13
2760,ENSG00000157613,0.216433,0,1
2761,ENSG00000157625,0.262525,47,4
2762,ENSG00000157637,0.138277,1,24
2763,ENSG00000157653,0.332665,2,1
2764,ENSG00000157657,0.226453,17,3
2765,ENSG00000157693,0.164329,0,18
2766,ENSG00000157741,0.142285,12,10
2767,ENSG00000157764,0.104208,0,28
2768,ENSG00000157766,0.164329,0,1
2769,ENSG00000157778,0.266533,98,7
2770,ENSG00000157800,0.498998,135,0
2771,ENSG00000157873,0.144289,2,44
2772,ENSG00000157911,0.12024,0,30
2773,ENSG00000157985,0.162325,2,9
2774,ENSG00000157992,0.170341,13,31
2775,ENSG00000157999,0.246493,29,5
2776,ENSG00000158042,0.527054,91,0
2777,ENSG00000158062,0.182365,18,19
2778,ENSG00000158106,0.328657,89,6
2779,ENSG00000158156,0.136273,0,43
2780,ENSG00000158169,0.150301,0,21
2781,ENSG00000158201,0.134269,0,9
2782,ENSG00000158246,0.284569,27,7
2783,ENSG00000158270,0.318637,2,0
2784,ENSG00000158373,0.12024,0,9
2785,ENSG00000158406,0.158317,0,3
2786,ENSG00000158411,0.296593,25,0
2787,ENSG00000158423,0.210421,5,12
2788,ENSG00000158428,0.166333,0,26
2789,ENSG00000158435,0.158317,0,18
2790,ENSG00000158470,0.144289,27,41
2791,ENSG00000158528,0.156313,3,15
2792,ENSG00000158552,0.172345,37,41
2793,ENSG00000158636,0.12024,3,35
2794,ENSG00000158669,0.252505,0,0
2795,ENSG00000158792,0.218437,27,3
2796,ENSG00000158850,0.266533,3,12
2797,ENSG00000158864,0.104208,0,13
2798,ENSG00000158966,0.198397,38,28
2799,ENSG00000159023,0.214429,31,7
2800,ENSG00000159079,0.126253,0,61
2801,ENSG00000159128,0.108216,0,8
2802,ENSG00000159131,0.194389,8,10
2803,ENSG00000159147,0.118236,0,20
2804,ENSG00000159176,0.218437,19,14
2805,ENSG00000159182,0.102204,0,71
2806,ENSG00000159184,0.216433,0,10
2807,ENSG00000159199,0.234469,53,12
2808,ENSG00000159202,0.200401,2,4
2809,ENSG00000159208,0.284569,0,0
2810,ENSG00000159210,0.306613,68,1
2811,ENSG00000159212,0.220441,32,18
2812,ENSG00000159231,0.184369,0,8
2813,ENSG00000159251,0.186373,8,12
2814,ENSG00000159256,0.12024,31,50
2815,ENSG00000159263,0.268537,2,3
2816,ENSG00000159322,0.142285,0,15
2817,ENSG00000159335,0.170341,23,17
2818,ENSG00000159352,0.158317,23,8
2819,ENSG00000159388,0.142285,1,34
2820,ENSG00000159459,0.180361,69,15
2821,ENSG00000159579,0.142285,6,48
2822,ENSG00000159592,0.114228,10,77
2823,ENSG00000159658,0.164329,55,32
2824,ENSG00000159674,0.346693,16,1
2825,ENSG00000159692,0.160321,0,44
2826,ENSG00000159899,0.144289,4,40
2827,ENSG00000160051,0.242485,7,7
2828,ENSG00000160055,0.264529,44,8
2829,ENSG00000160058,0.254509,9,3
2830,ENSG00000160072,0.140281,3,57
2831,ENSG00000160075,0.234469,58,13
2832,ENSG00000160087,0.44489,107,1
2833,ENSG00000160111,0.196393,6,6
2834,ENSG00000160113,0.392786,81,5
2835,ENSG00000160172,0.272545,1,3
2836,ENSG00000160179,0.362725,4,0
2837,ENSG00000160180,0.11022,0,76
2838,ENSG00000160188,0.154309,2,10
2839,ENSG00000160191,0.208417,2,4
2840,ENSG00000160199,0.180361,4,4
2841,ENSG00000160200,0.240481,1,3
2842,ENSG00000160207,0.188377,1,12
2843,ENSG00000160211,0.242485,0,0
2844,ENSG00000160213,0.124248,0,16
2845,ENSG00000160214,0.39479,87,5
2846,ENSG00000160216,0.180361,1,19
2847,ENSG00000160218,0.146293,47,30
2848,ENSG00000160221,0.206413,0,3
2849,ENSG00000160226,0.116232,21,95
2850,ENSG00000160256,0.222445,37,14
2851,ENSG00000160293,0.150301,0,58
2852,ENSG00000160294,0.276553,18,1
2853,ENSG00000160305,0.220441,1,12
2854,ENSG00000160307,0.290581,26,5
2855,ENSG00000160325,0.156313,9,50
2856,ENSG00000160392,0.539078,69,0
2857,ENSG00000160401,0.224449,6,9
2858,ENSG00000160404,0.282565,25,6
2859,ENSG00000160446,0.140281,2,52
2860,ENSG00000160469,0.112224,0,11
2861,ENSG00000160551,0.114228,28,44
2862,ENSG00000160584,0.158317,22,22
2863,ENSG00000160606,0.248497,28,5
2864,ENSG00000160633,0.112224,0,124
2865,ENSG00000160685,0.252505,5,3
2866,ENSG00000160688,0.302605,54,4
2867,ENSG00000160781,0.264529,2,9
2868,ENSG00000160783,0.122244,30,38
2869,ENSG00000160796,0.118236,0,41
2870,ENSG00000160799,0.200401,53,14
2871,ENSG00000160818,0.306613,6,1
2872,ENSG00000160877,0.282565,28,2
2873,ENSG00000160886,0.118236,0,1
2874,ENSG00000160948,0.282565,67,4
2875,ENSG00000160963,0.176353,0,2
2876,ENSG00000160972,0.196393,12,17
2877,ENSG00000161011,0.354709,40,0
2878,ENSG00000161013,0.462926,164,0
2879,ENSG00000161016,0.228457,30,3
2880,ENSG00000161021,0.116232,0,60
2881,ENSG00000161055,0.198397,7,9
2882,ENSG00000161091,0.124248,0,130
2883,ENSG00000161179,0.438878,84,0
2884,ENSG00000161202,0.112224,0,43
2885,ENSG00000161243,0.194389,0,9
2886,ENSG00000161249,0.202405,12,18
2887,ENSG00000161267,0.501002,57,0
2888,ENSG00000161281,0.152305,8,34
2889,ENSG00000161328,0.346693,53,2
2890,ENSG00000161513,0.148297,0,5
2891,ENSG00000161551,0.308617,23,1
2892,ENSG00000161618,0.126253,8,53
2893,ENSG00000161654,0.112224,2,281
2894,ENSG00000161671,0.126253,0,34
2895,ENSG00000161692,0.190381,2,3
2896,ENSG00000161798,0.470942,67,0
2897,ENSG00000161896,0.298597,26,4
2898,ENSG00000161904,0.328657,74,3
2899,ENSG00000161912,0.160321,2,30
2900,ENSG00000161914,0.180361,20,14
2901,ENSG00000161956,0.146293,6,27
2902,ENSG00000161980,0.146293,6,32
2903,ENSG00000161996,0.146293,0,84
2904,ENSG00000162004,0.392786,92,1
2905,ENSG00000162066,0.400802,84,1
2906,ENSG00000162076,0.128257,16,102
2907,ENSG00000162086,0.234469,25,3
2908,ENSG00000162105,0.246493,26,2
2909,ENSG00000162129,0.240481,12,2
2910,ENSG00000162191,0.168337,25,16
2911,ENSG00000162227,0.230461,12,27
2912,ENSG00000162241,0.452906,121,0
2913,ENSG00000162244,0.204409,48,10
2914,ENSG00000162298,0.158317,0,22
2915,ENSG00000162302,0.420842,9,0
2916,ENSG00000162373,0.358717,61,7
2917,ENSG00000162377,0.39479,38,0
2918,ENSG00000162378,0.118236,27,58
2919,ENSG00000162385,0.146293,0,52
2920,ENSG00000162407,0.140281,10,32
2921,ENSG00000162430,0.168337,0,12
2922,ENSG00000162433,0.148297,0,4
2923,ENSG00000162434,0.228457,70,11
2924,ENSG00000162437,0.138277,0,28
2925,ENSG00000162493,0.45491,111,2
2926,ENSG00000162542,0.194389,0,3
2927,ENSG00000162543,0.312625,54,8
2928,ENSG00000162576,0.122244,0,8
2929,ENSG00000162585,0.186373,28,27
2930,ENSG00000162601,0.184369,8,8
2931,ENSG00000162616,0.509018,92,0
2932,ENSG00000162627,0.533066,141,0
2933,ENSG00000162630,0.338677,77,4
2934,ENSG00000162631,0.184369,0,1
2935,ENSG00000162636,0.144289,17,39
2936,ENSG00000162645,0.116232,4,68
2937,ENSG00000162688,0.252505,71,4
2938,ENSG00000162729,0.220441,4,17
2939,ENSG00000162736,0.164329,2,5
2940,ENSG00000162738,0.224449,3,12
2941,ENSG00000162755,0.150301,0,103
2942,ENSG00000162772,0.114228,0,7
2943,ENSG00000162775,0.128257,0,8
2944,ENSG00000162783,0.194389,6,14
2945,ENSG00000162817,0.198397,4,3
2946,ENSG00000162836,0.222445,1,1
2947,ENSG00000162851,0.124248,0,36
2948,ENSG00000162881,0.374749,48,2
2949,ENSG00000162882,0.278557,31,15
2950,ENSG00000162885,0.148297,35,26
2951,ENSG00000162910,0.210421,63,14
2952,ENSG00000162999,0.336673,53,8
2953,ENSG00000163013,0.128257,0,13
2954,ENSG00000163050,0.102204,0,28
2955,ENSG00000163060,0.238477,5,0
2956,ENSG00000163069,0.246493,29,13
2957,ENSG00000163071,0.236473,11,16
2958,ENSG00000163072,0.300601,4,0
2959,ENSG00000163170,0.132265,0,77
2960,ENSG00000163171,0.114228,0,62
2961,ENSG00000163263,0.128257,1,12
2962,ENSG00000163344,0.194389,29,17
2963,ENSG00000163346,0.202405,11,12
2964,ENSG00000163352,0.254509,17,8
2965,ENSG00000163378,0.184369,27,18
2966,ENSG00000163428,0.118236,3,39
2967,ENSG00000163430,0.130261,0,6
2968,ENSG00000163463,0.104208,2,117
2969,ENSG00000163467,0.178357,0,27
2970,ENSG00000163468,0.188377,8,18
2971,ENSG00000163481,0.166333,32,14
2972,ENSG00000163482,0.51503,118,0
2973,ENSG00000163497,0.340681,10,0
2974,ENSG00000163499,0.184369,0,52
2975,ENSG00000163516,0.164329,2,51
2976,ENSG00000163565,0.172345,15,22
2977,ENSG00000163623,0.214429,1,3
2978,ENSG00000163631,0.148297,1,5
2979,ENSG00000163637,0.470942,142,6
2980,ENSG00000163659,0.270541,49,6
2981,ENSG00000163704,0.420842,19,0
2982,ENSG00000163719,0.236473,3,1
2983,ENSG00000163728,0.260521,13,2
2984,ENSG00000163781,0.122244,2,17
2985,ENSG00000163794,0.645291,131,0
2986,ENSG00000163818,0.222445,26,2
2987,ENSG00000163840,0.312625,31,0
2988,ENSG00000163864,0.148297,0,6
2989,ENSG00000163872,0.176353,8,6
2990,ENSG00000163875,0.106212,0,18
2991,ENSG00000163879,0.308617,2,0
2992,ENSG00000163882,0.577154,169,0
2993,ENSG00000163888,0.398798,21,0
2994,ENSG00000163913,0.118236,0,8
2995,ENSG00000163930,0.212425,3,12
2996,ENSG00000163932,0.104208,0,20
2997,ENSG00000163938,0.47495,111,0
2998,ENSG00000163939,0.11022,15,56
2999,ENSG00000163945,0.130261,0,37
3000,ENSG00000163946,0.12024,26,33
3001,ENSG00000163956,0.150301,2,12
3002,ENSG00000163959,0.192385,0,2
3003,ENSG00000164024,0.148297,7,10
3004,ENSG00000164031,0.176353,34,12
3005,ENSG00000164035,0.268537,21,7
3006,ENSG00000164039,0.186373,5,21
3007,ENSG00000164048,0.114228,0,4
3008,ENSG00000164051,0.202405,4,11
3009,ENSG00000164056,0.108216,0,214
3010,ENSG00000164068,0.184369,0,16
3011,ENSG00000164070,0.304609,48,7
3012,ENSG00000164077,0.230461,28,12
3013,ENSG00000164091,0.132265,20,34
3014,ENSG00000164105,0.148297,0,7
3015,ENSG00000164111,0.274549,14,0
3016,ENSG00000164124,0.124248,0,9
3017,ENSG00000164125,0.118236,0,17
3018,ENSG00000164151,0.124248,36,45
3019,ENSG00000164163,0.150301,6,14
3020,ENSG00000164164,0.180361,57,25
3021,ENSG00000164168,0.136273,5,9
3022,ENSG00000164175,0.46493,5,0
3023,ENSG00000164181,0.168337,2,8
3024,ENSG00000164197,0.166333,7,25
3025,ENSG00000164199,0.192385,11,4
3026,ENSG00000164209,0.11022,2,160
3027,ENSG00000164220,0.140281,2,0
3028,ENSG00000164241,0.302605,14,2
3029,ENSG00000164244,0.148297,8,10
3030,ENSG00000164251,0.102204,0,9
3031,ENSG00000164252,0.106212,1,41
3032,ENSG00000164258,0.106212,0,7
3033,ENSG00000164266,0.150301,2,10
3034,ENSG00000164291,0.238477,39,2
3035,ENSG00000164292,0.186373,28,7
3036,ENSG00000164294,0.246493,23,15
3037,ENSG00000164300,0.300601,27,1
3038,ENSG00000164307,0.194389,30,17
3039,ENSG00000164329,0.168337,12,7
3040,ENSG00000164342,0.168337,6,27
3041,ENSG00000164347,0.102204,0,35
3042,ENSG00000164405,0.112224,20,79
3043,ENSG00000164463,0.41483,91,1
3044,ENSG00000164465,0.256513,25,5
3045,ENSG00000164506,0.158317,8,11
3046,ENSG00000164620,0.250501,0,1
3047,ENSG00000164649,0.130261,0,6
3048,ENSG00000164695,0.318637,16,0
3049,ENSG00000164749,0.130261,2,13
3050,ENSG00000164754,0.128257,21,45
3051,ENSG00000164808,0.114228,0,3
3052,ENSG00000164830,0.11022,10,79
3053,ENSG00000164850,0.284569,3,2
3054,ENSG00000164855,0.460922,114,0
3055,ENSG00000164880,0.164329,3,9
3056,ENSG00000164885,0.244489,41,7
3057,ENSG00000164896,0.410822,156,7
3058,ENSG00000164897,0.238477,69,12
3059,ENSG00000164898,0.196393,59,18
3060,ENSG00000164904,0.108216,0,10
3061,ENSG00000164919,0.240481,53,5
3062,ENSG00000164938,0.166333,0,14
3063,ENSG00000164941,0.210421,9,6
3064,ENSG00000164949,0.122244,1,75
3065,ENSG00000164961,0.124248,2,12
3066,ENSG00000164967,0.166333,35,36
3067,ENSG00000164976,0.350701,47,6
3068,ENSG00000164978,0.11022,2,164
3069,ENSG00000164985,0.348697,75,5
3070,ENSG00000165092,0.188377,6,16
3071,ENSG00000165105,0.132265,0,25
3072,ENSG00000165118,0.104208,1,88
3073,ENSG00000165119,0.1002,0,59
3074,ENSG00000165125,0.152305,0,4
3075,ENSG00000165138,0.256513,0,1
3076,ENSG00000165140,0.132265,0,36
3077,ENSG00000165156,0.156313,19,16
3078,ENSG00000165209,0.122244,0,31
3079,ENSG00000165215,0.124248,2,58
3080,ENSG00000165219,0.138277,23,33
3081,ENSG00000165238,0.138277,1,14
3082,ENSG00000165282,0.116232,0,33
3083,ENSG00000165322,0.162325,4,4
3084,ENSG00000165355,0.140281,0,22
3085,ENSG00000165392,0.140281,17,34
3086,ENSG00000165416,0.194389,4,5
3087,ENSG00000165417,0.116232,31,36
3088,ENSG00000165458,0.324649,45,0
3089,ENSG00000165476,0.134269,11,30
3090,ENSG00000165502,0.124248,21,23
3091,ENSG00000165506,0.146293,0,21
3092,ENSG00000165525,0.170341,52,28
3093,ENSG00000165526,0.206413,1,1
3094,ENSG00000165548,0.124248,0,24
3095,ENSG00000165630,0.176353,12,5
3096,ENSG00000165632,0.330661,97,4
3097,ENSG00000165644,0.214429,37,20
3098,ENSG00000165650,0.130261,34,46
3099,ENSG00000165660,0.116232,29,56
3100,ENSG00000165661,0.280561,24,4
3101,ENSG00000165684,0.386774,90,2
3102,ENSG00000165688,0.156313,19,39
3103,ENSG00000165689,0.617234,233,0
3104,ENSG00000165716,0.288577,37,14
3105,ENSG00000165724,0.478958,208,1
3106,ENSG00000165731,0.148297,0,12
3107,ENSG00000165752,0.498998,113,0
3108,ENSG00000165802,0.116232,0,37
3109,ENSG00000165804,0.146293,0,21
3110,ENSG00000165813,0.258517,6,0
3111,ENSG00000165819,0.378758,61,6
3112,ENSG00000165821,0.112224,0,94
3113,ENSG00000165905,0.140281,0,20
3114,ENSG00000165912,0.240481,24,10
3115,ENSG00000165934,0.128257,18,26
3116,ENSG00000165948,0.374749,100,2
3117,ENSG00000165983,0.176353,6,1
3118,ENSG00000165996,0.146293,2,29
3119,ENSG00000166002,0.222445,5,8
3120,ENSG00000166006,0.140281,0,13
3121,ENSG00000166012,0.122244,1,34
3122,ENSG00000166068,0.172345,8,32
3123,ENSG00000166086,0.162325,10,23
3124,ENSG00000166105,0.102204,0,32
3125,ENSG00000166123,0.162325,0,2
3126,ENSG00000166133,0.140281,6,45
3127,ENSG00000166136,0.134269,1,12
3128,ENSG00000166140,0.194389,25,14
3129,ENSG00000166166,0.130261,18,85
3130,ENSG00000166167,0.176353,7,6
3131,ENSG00000166169,0.340681,61,0
3132,ENSG00000166170,0.150301,10,24
3133,ENSG00000166171,0.226453,46,15
3134,ENSG00000166197,0.164329,2,22
3135,ENSG00000166206,0.304609,28,2
3136,ENSG00000166225,0.118236,39,44
3137,ENSG00000166226,0.208417,7,4
3138,ENSG00000166228,0.184369,0,17
3139,ENSG00000166246,0.246493,5,1
3140,ENSG00000166278,0.206413,1,1
3141,ENSG00000166289,0.136273,0,17
3142,ENSG00000166295,0.182365,0,0
3143,ENSG00000166311,0.108216,1,59
3144,ENSG00000166313,0.300601,25,4
3145,ENSG00000166321,0.144289,0,10
3146,ENSG00000166337,0.178357,30,14
3147,ENSG00000166387,0.132265,0,23
3148,ENSG00000166394,0.567134,188,0
3149,ENSG00000166439,0.164329,57,22
3150,ENSG00000166441,0.134269,17,20
3151,ENSG00000166444,0.276553,83,9
3152,ENSG00000166446,0.178357,0,6
3153,ENSG00000166451,0.200401,1,2
3154,ENSG00000166477,0.326653,27,2
3155,ENSG00000166479,0.140281,1,7
3156,ENSG00000166483,0.162325,2,28
3157,ENSG00000166501,0.250501,21,10
3158,ENSG00000166510,0.296593,28,4
3159,ENSG00000166532,0.150301,1,44
3160,ENSG00000166546,0.244489,0,1
3161,ENSG00000166548,0.136273,0,5
3162,ENSG00000166557,0.124248,7,61
3163,ENSG00000166596,0.256513,5,0
3164,ENSG00000166598,0.118236,0,15
3165,ENSG00000166619,0.154309,0,6
3166,ENSG00000166734,0.108216,5,68
3167,ENSG00000166743,0.330661,0,0
3168,ENSG00000166780,0.146293,6,28
3169,ENSG00000166783,0.126253,12,40
3170,ENSG00000166801,0.278557,16,0
3171,ENSG00000166823,0.310621,34,5
3172,ENSG00000166828,0.280561,3,0
3173,ENSG00000166833,0.210421,34,16
3174,ENSG00000166848,0.164329,0,12
3175,ENSG00000166855,0.164329,8,8
3176,ENSG00000166860,0.122244,2,26
3177,ENSG00000166897,0.148297,0,10
3178,ENSG00000166902,0.102204,0,110
3179,ENSG00000166912,0.134269,0,77
3180,ENSG00000166913,0.128257,8,53
3181,ENSG00000166920,0.172345,2,2
3182,ENSG00000166938,0.188377,20,5
3183,ENSG00000166971,0.242485,1,7
3184,ENSG00000166979,0.246493,24,5
3185,ENSG00000166986,0.246493,2,9
3186,ENSG00000166997,0.146293,0,34
3187,ENSG00000167005,0.174349,21,12
3188,ENSG00000167037,0.196393,1,22
3189,ENSG00000167081,0.112224,0,8
3190,ENSG00000167110,0.304609,46,3
3191,ENSG00000167112,0.278557,16,6
3192,ENSG00000167113,0.537074,109,1
3193,ENSG00000167114,0.438878,89,0
3194,ENSG00000167123,0.248497,11,9
3195,ENSG00000167136,0.204409,27,9
3196,ENSG00000167183,0.40481,25,0
3197,ENSG00000167193,0.308617,51,0
3198,ENSG00000167220,0.12024,6,12
3199,ENSG00000167264,0.304609,23,0
3200,ENSG00000167315,0.276553,0,20
3201,ENSG00000167332,0.260521,1,6
3202,ENSG00000167333,0.114228,0,25
3203,ENSG00000167346,0.310621,6,0
3204,ENSG00000167363,0.204409,2,18
3205,ENSG00000167393,0.180361,26,15
3206,ENSG00000167460,0.106212,2,167
3207,ENSG00000167523,0.310621,30,2
3208,ENSG00000167526,0.102204,3,139
3209,ENSG00000167535,0.278557,8,0
3210,ENSG00000167543,0.196393,31,10
3211,ENSG00000167550,0.198397,0,0
3212,ENSG00000167552,0.114228,0,68
3213,ENSG00000167554,0.136273,0,19
3214,ENSG00000167566,0.256513,17,12
3215,ENSG00000167619,0.160321,0,23
3216,ENSG00000167632,0.138277,1,8
3217,ENSG00000167635,0.332665,89,3
3218,ENSG00000167637,0.154309,13,17
3219,ENSG00000167645,0.166333,22,20
3220,ENSG00000167646,0.152305,1,14
3221,ENSG00000167671,0.176353,15,3
3222,ENSG00000167674,0.116232,18,58
3223,ENSG00000167676,0.212425,6,15
3224,ENSG00000167685,0.148297,23,32
3225,ENSG00000167700,0.294589,33,8
3226,ENSG00000167702,0.208417,8,17
3227,ENSG00000167711,0.226453,6,6
3228,ENSG00000167721,0.126253,13,49
3229,ENSG00000167733,0.148297,6,39
3230,ENSG00000167740,0.108216,0,3
3231,ENSG00000167747,0.246493,26,6
3232,ENSG00000167749,0.218437,1,2
3233,ENSG00000167770,0.150301,18,24
3234,ENSG00000167775,0.300601,34,3
3235,ENSG00000167779,0.176353,7,12
3236,ENSG00000167785,0.134269,0,15
3237,ENSG00000167792,0.296593,59,5
3238,ENSG00000167799,0.136273,0,70
3239,ENSG00000167800,0.144289,1,2
3240,ENSG00000167858,0.148297,4,4
3241,ENSG00000167861,0.356713,25,4
3242,ENSG00000167862,0.142285,12,28
3243,ENSG00000167920,0.132265,0,46
3244,ENSG00000167925,0.146293,0,43
3245,ENSG00000167962,0.156313,0,39
3246,ENSG00000167965,0.40481,161,0
3247,ENSG00000167967,0.256513,35,23
3248,ENSG00000167968,0.170341,1,41
3249,ENSG00000167969,0.212425,53,34
3250,ENSG00000167971,0.551102,110,1
3251,ENSG00000167972,0.128257,0,17
3252,ENSG00000167987,0.46493,97,1
3253,ENSG00000168014,0.186373,7,5
3254,ENSG00000168026,0.232465,24,3
3255,ENSG00000168032,0.170341,4,16
3256,ENSG00000168040,0.154309,0,15
3257,ENSG00000168060,0.210421,24,20
3258,ENSG00000168061,0.509018,126,0
3259,ENSG00000168070,0.180361,0,0
3260,ENSG00000168077,0.458918,64,3
3261,ENSG00000168096,0.268537,83,18
3262,ENSG00000168140,0.184369,0,4
3263,ENSG00000168159,0.268537,28,1
3264,ENSG00000168172,0.130261,13,115
3265,ENSG00000168216,0.116232,1,87
3266,ENSG00000168228,0.126253,20,64
3267,ENSG00000168237,0.150301,2,67
3268,ENSG00000168259,0.174349,4,10
3269,ENSG00000168273,0.308617,84,10
3270,ENSG00000168297,0.126253,32,29
3271,ENSG00000168300,0.300601,24,0
3272,ENSG00000168301,0.136273,1,19
3273,ENSG00000168306,0.374749,43,2
3274,ENSG00000168309,0.142285,5,22
3275,ENSG00000168310,0.170341,37,5
3276,ENSG00000168374,0.104208,0,18
3277,ENSG00000168385,0.104208,5,107
3278,ENSG00000168393,0.150301,26,31
3279,ENSG00000168394,0.106212,1,4
3280,ENSG00000168411,0.148297,18,28
3281,ENSG00000168461,0.192385,24,21
3282,ENSG00000168488,0.222445,27,4
3283,ENSG00000168490,0.182365,14,16
3284,ENSG00000168491,0.316633,15,0
3285,ENSG00000168497,0.192385,11,18
3286,ENSG00000168556,0.108216,0,19
3287,ENSG00000168564,0.146293,11,22
3288,ENSG00000168591,0.124248,0,6
3289,ENSG00000168646,0.134269,2,40
3290,ENSG00000168653,0.162325,35,15
3291,ENSG00000168661,0.408818,27,1
3292,ENSG00000168672,0.360721,71,1
3293,ENSG00000168679,0.214429,28,15
3294,ENSG00000168701,0.122244,16,64
3295,ENSG00000168710,0.134269,26,23
3296,ENSG00000168763,0.142285,2,47
3297,ENSG00000168765,0.200401,6,14
3298,ENSG00000168769,0.150301,30,22
3299,ENSG00000168778,0.148297,0,5
3300,ENSG00000168781,0.178357,0,14
3301,ENSG00000168818,0.168337,0,7
3302,ENSG00000168824,0.238477,4,8
3303,ENSG00000168874,0.236473,13,17
3304,ENSG00000168875,0.224449,0,2
3305,ENSG00000168884,0.412826,105,3
3306,ENSG00000168887,0.184369,1,8
3307,ENSG00000168890,0.164329,0,36
3308,ENSG00000168907,0.136273,0,16
3309,ENSG00000168924,0.236473,8,6
3310,ENSG00000168936,0.468938,126,0
3311,ENSG00000168938,0.300601,37,10
3312,ENSG00000168944,0.348697,109,4
3313,ENSG00000168993,0.398798,51,2
3314,ENSG00000169018,0.360721,112,7
3315,ENSG00000169020,0.274549,71,12
3316,ENSG00000169047,0.306613,64,4
3317,ENSG00000169062,0.194389,1,23
3318,ENSG00000169071,0.422846,79,4
3319,ENSG00000169083,0.142285,0,12
3320,ENSG00000169100,0.176353,4,21
3321,ENSG00000169105,0.126253,0,8
3322,ENSG00000169116,0.168337,1,25
3323,ENSG00000169122,0.108216,0,24
3324,ENSG00000169136,0.226453,1,1
3325,ENSG00000169180,0.46493,125,0
3326,ENSG00000169189,0.266533,71,5
3327,ENSG00000169213,0.150301,3,22
3328,ENSG00000169217,0.114228,20,65
3329,ENSG00000169220,0.12024,0,2
3330,ENSG00000169223,0.152305,23,27
3331,ENSG00000169228,0.160321,3,50
3332,ENSG00000169248,0.126253,0,0
3333,ENSG00000169249,0.158317,0,29
3334,ENSG00000169258,0.146293,0,6
3335,ENSG00000169398,0.250501,15,0
3336,ENSG00000169439,0.258517,12,6
3337,ENSG00000169490,0.106212,0,13
3338,ENSG00000169499,0.254509,31,25
3339,ENSG00000169564,0.144289,18,4
3340,ENSG00000169583,0.190381,3,16
3341,ENSG00000169592,0.150301,5,34
3342,ENSG00000169598,0.254509,15,4
3343,ENSG00000169604,0.188377,23,22
3344,ENSG00000169627,0.320641,103,5
3345,ENSG00000169641,0.11022,4,54
3346,ENSG00000169660,0.216433,31,19
3347,ENSG00000169683,0.276553,56,13
3348,ENSG00000169689,0.112224,5,175
3349,ENSG00000169696,0.442886,79,2
3350,ENSG00000169710,0.136273,0,13
3351,ENSG00000169727,0.390782,99,3
3352,ENSG00000169733,0.380762,108,4
3353,ENSG00000169738,0.102204,1,165
3354,ENSG00000169756,0.172345,4,16
3355,ENSG00000169813,0.220441,12,13
3356,ENSG00000169851,0.206413,24,22
3357,ENSG00000169857,0.122244,1,35
3358,ENSG00000169891,0.46493,53,0
3359,ENSG00000169895,0.114228,0,1
3360,ENSG00000169919,0.42485,15,0
3361,ENSG00000169925,0.180361,25,18
3362,ENSG00000169951,0.160321,0,26
3363,ENSG00000169957,0.206413,32,13
3364,ENSG00000169967,0.148297,24,50
3365,ENSG00000169972,0.232465,44,4
3366,ENSG00000170011,0.234469,15,1
3367,ENSG00000170043,0.256513,12,0
3368,ENSG00000170145,0.160321,0,5
3369,ENSG00000170161,0.178357,0,13
3370,ENSG00000170175,0.250501,0,3
3371,ENSG00000170185,0.122244,19,42
3372,ENSG00000170265,0.360721,36,0
3373,ENSG00000170266,0.122244,0,8
3374,ENSG00000170271,0.49499,71,1
3375,ENSG00000170275,0.114228,0,34
3376,ENSG00000170276,0.236473,12,6
3377,ENSG00000170310,0.198397,1,5
3378,ENSG00000170382,0.134269,0,2
3379,ENSG00000170421,0.186373,14,16
3380,ENSG00000170430,0.114228,5,181
3381,ENSG00000170448,0.156313,0,14
3382,ENSG00000170468,0.128257,0,17
3383,ENSG00000170473,0.238477,31,12
3384,ENSG00000170476,0.232465,0,1
3385,ENSG00000170515,0.192385,3,7
3386,ENSG00000170581,0.128257,1,9
3387,ENSG00000170604,0.308617,26,7
3388,ENSG00000170606,0.112224,0,27
3389,ENSG00000170615,0.198397,0,4
3390,ENSG00000170619,0.160321,4,20
3391,ENSG00000170638,0.108216,2,149
3392,ENSG00000170677,0.186373,24,12
3393,ENSG00000170775,0.356713,3,0
3394,ENSG00000170837,0.124248,0,16
3395,ENSG00000170846,0.116232,0,48
3396,ENSG00000170889,0.172345,35,6
3397,ENSG00000170890,0.284569,5,0
3398,ENSG00000170892,0.134269,0,68
3399,ENSG00000170899,0.172345,0,1
3400,ENSG00000170903,0.172345,1,28
3401,ENSG00000170906,0.170341,48,15
3402,ENSG00000170915,0.152305,9,29
3403,ENSG00000170921,0.168337,1,7
3404,ENSG00000170946,0.152305,35,24
3405,ENSG00000170955,0.124248,1,25
3406,ENSG00000170962,0.224449,12,11
3407,ENSG00000171016,0.156313,0,21
3408,ENSG00000171044,0.204409,0,1
3409,ENSG00000171056,0.218437,10,12
3410,ENSG00000171067,0.12024,0,5
3411,ENSG00000171100,0.218437,90,24
3412,ENSG00000171148,0.210421,35,15
3413,ENSG00000171150,0.142285,19,53
3414,ENSG00000171160,0.148297,0,29
3415,ENSG00000171163,0.192385,20,49
3416,ENSG00000171208,0.190381,1,9
3417,ENSG00000171222,0.380762,78,5
3418,ENSG00000171224,0.11022,0,48
3419,ENSG00000171227,0.312625,10,3
3420,ENSG00000171291,0.214429,10,11
3421,ENSG00000171298,0.244489,7,0
3422,ENSG00000171302,0.226453,0,8
3423,ENSG00000171303,0.144289,0,31
3424,ENSG00000171310,0.200401,24,19
3425,ENSG00000171314,0.172345,5,7
3426,ENSG00000171388,0.270541,1,5
3427,ENSG00000171401,0.236473,8,4
3428,ENSG00000171425,0.224449,18,3
3429,ENSG00000171443,0.362725,90,8
3430,ENSG00000171444,0.501002,140,1
3431,ENSG00000171453,0.274549,43,11
3432,ENSG00000171456,0.150301,0,5
3433,ENSG00000171490,0.112224,2,22
3434,ENSG00000171596,0.316633,26,4
3435,ENSG00000171604,0.146293,0,3
3436,ENSG00000171606,0.168337,0,13
3437,ENSG00000171612,0.202405,3,17
3438,ENSG00000171617,0.106212,0,6
3439,ENSG00000171681,0.164329,24,16
3440,ENSG00000171714,0.517034,137,0
3441,ENSG00000171720,0.162325,0,16
3442,ENSG00000171723,0.12024,0,20
3443,ENSG00000171766,0.402806,114,6
3444,ENSG00000171812,0.126253,4,39
3445,ENSG00000171843,0.204409,1,3
3446,ENSG00000171853,0.248497,18,3
3447,ENSG00000171858,0.114228,7,81
3448,ENSG00000171861,0.302605,33,2
3449,ENSG00000171914,0.162325,0,3
3450,ENSG00000171940,0.126253,1,24
3451,ENSG00000171953,0.224449,19,16
3452,ENSG00000171992,0.180361,14,14
3453,ENSG00000172009,0.310621,45,7
3454,ENSG00000172053,0.200401,6,8
3455,ENSG00000172059,0.232465,61,11
3456,ENSG00000172086,0.132265,0,15
3457,ENSG00000172164,0.174349,3,19
3458,ENSG00000172201,0.160321,4,27
3459,ENSG00000172250,0.108216,0,43
3460,ENSG00000172264,0.194389,1,28
3461,ENSG00000172269,0.11022,0,11
3462,ENSG00000172270,0.112224,0,111
3463,ENSG00000172273,0.202405,4,8
3464,ENSG00000172331,0.178357,2,0
3465,ENSG00000172348,0.276553,18,8
3466,ENSG00000172354,0.264529,41,11
3467,ENSG00000172366,0.314629,94,8
3468,ENSG00000172375,0.156313,0,26
3469,ENSG00000172380,0.274549,96,12
3470,ENSG00000172466,0.124248,6,24
3471,ENSG00000172469,0.148297,30,43
3472,ENSG00000172500,0.268537,45,7
3473,ENSG00000172586,0.122244,14,63
3474,ENSG00000172594,0.118236,0,23
3475,ENSG00000172638,0.300601,51,15
3476,ENSG00000172663,0.200401,33,14
3477,ENSG00000172667,0.172345,12,35
3478,ENSG00000172716,0.282565,32,4
3479,ENSG00000172725,0.340681,47,4
3480,ENSG00000172728,0.228457,8,8
3481,ENSG00000172757,0.168337,3,14
3482,ENSG00000172785,0.236473,0,1
3483,ENSG00000172809,0.214429,46,10
3484,ENSG00000172845,0.132265,29,21
3485,ENSG00000172878,0.478958,57,0
3486,ENSG00000172888,0.12024,0,36
3487,ENSG00000172922,0.11022,24,68
3488,ENSG00000172939,0.132265,26,14
3489,ENSG00000172954,0.188377,3,6
3490,ENSG00000173020,0.296593,15,1
3491,ENSG00000173039,0.184369,1,2
3492,ENSG00000173064,0.160321,8,6
3493,ENSG00000173137,0.170341,17,24
3494,ENSG00000173171,0.292585,21,6
3495,ENSG00000173193,0.11022,2,10
3496,ENSG00000173230,0.160321,16,11
3497,ENSG00000173239,0.124248,0,2
3498,ENSG00000173261,0.182365,9,33
3499,ENSG00000173264,0.204409,19,19
3500,ENSG00000173267,0.42485,89,2
3501,ENSG00000173272,0.346693,38,1
3502,ENSG00000173273,0.158317,22,37
3503,ENSG00000173281,0.152305,1,66
3504,ENSG00000173327,0.210421,16,7
3505,ENSG00000173334,0.114228,0,0
3506,ENSG00000173391,0.142285,1,0
3507,ENSG00000173457,0.198397,44,21
3508,ENSG00000173465,0.200401,36,10
3509,ENSG00000173467,0.142285,0,4
3510,ENSG00000173473,0.116232,4,35
3511,ENSG00000173517,0.222445,39,8
3512,ENSG00000173530,0.176353,4,20
3513,ENSG00000173531,0.126253,4,61
3514,ENSG00000173540,0.142285,0,4
3515,ENSG00000173545,0.132265,15,50
3516,ENSG00000173581,0.232465,30,12
3517,ENSG00000173588,0.190381,2,13
3518,ENSG00000173598,0.218437,2,1
3519,ENSG00000173638,0.154309,0,81
3520,ENSG00000173653,0.136273,5,36
3521,ENSG00000173660,0.112224,1,68
3522,ENSG00000173681,0.304609,21,0
3523,ENSG00000173702,0.12024,0,5
3524,ENSG00000173715,0.154309,0,32
3525,ENSG00000173744,0.116232,12,61
3526,ENSG00000173757,0.292585,62,5
3527,ENSG00000173786,0.136273,0,20
3528,ENSG00000173818,0.136273,2,70
3529,ENSG00000173826,0.112224,0,16
3530,ENSG00000173852,0.140281,9,56
3531,ENSG00000173889,0.146293,33,40
3532,ENSG00000173894,0.124248,0,33
3533,ENSG00000173898,0.244489,8,7
3534,ENSG00000173915,0.102204,2,164
3535,ENSG00000173917,0.248497,18,11
3536,ENSG00000173928,0.154309,4,73
3537,ENSG00000173933,0.328657,46,0
3538,ENSG00000173960,0.136273,21,30
3539,ENSG00000173992,0.240481,57,12
3540,ENSG00000174080,0.146293,5,18
3541,ENSG00000174109,0.146293,1,43
3542,ENSG00000174132,0.152305,0,7
3543,ENSG00000174137,0.426854,80,1
3544,ENSG00000174156,0.190381,0,0
3545,ENSG00000174165,0.134269,0,23
3546,ENSG00000174177,0.186373,11,7
3547,ENSG00000174227,0.266533,2,1
3548,ENSG00000174233,0.198397,0,13
3549,ENSG00000174238,0.186373,0,3
3550,ENSG00000174276,0.166333,35,22
3551,ENSG00000174282,0.12024,0,83
3552,ENSG00000174307,0.206413,5,14
3553,ENSG00000174332,0.266533,38,10
3554,ENSG00000174365,0.12024,0,75
3555,ENSG00000174373,0.166333,25,6
3556,ENSG00000174444,0.162325,11,8
3557,ENSG00000174529,0.142285,0,42
3558,ENSG00000174574,0.146293,11,26
3559,ENSG00000174586,0.214429,2,12
3560,ENSG00000174628,0.240481,34,0
3561,ENSG00000174672,0.162325,1,7
3562,ENSG00000174695,0.108216,0,27
3563,ENSG00000174705,0.266533,60,15
3564,ENSG00000174718,0.154309,48,14
3565,ENSG00000174721,0.264529,16,3
3566,ENSG00000174749,0.134269,4,54
3567,ENSG00000174775,0.166333,31,28
3568,ENSG00000174780,0.134269,7,21
3569,ENSG00000174851,0.190381,46,11
3570,ENSG00000174886,0.112224,29,76
3571,ENSG00000174903,0.106212,0,13
3572,ENSG00000174915,0.218437,35,7
3573,ENSG00000174917,0.138277,31,49
3574,ENSG00000174938,0.176353,1,12
3575,ENSG00000174939,0.316633,17,0
3576,ENSG00000174951,0.242485,0,0
3577,ENSG00000174989,0.190381,1,12
3578,ENSG00000174996,0.136273,0,50
3579,ENSG00000175040,0.172345,8,21
3580,ENSG00000175054,0.232465,36,4
3581,ENSG00000175066,0.158317,0,5
3582,ENSG00000175087,0.208417,28,4
3583,ENSG00000175104,0.134269,46,28
3584,ENSG00000175105,0.136273,14,63
3585,ENSG00000175166,0.180361,1,4
3586,ENSG00000175216,0.204409,29,7
3587,ENSG00000175221,0.188377,26,16
3588,ENSG00000175224,0.168337,0,2
3589,ENSG00000175274,0.204409,0,9
3590,ENSG00000175283,0.136273,0,4
3591,ENSG00000175287,0.126253,1,42
3592,ENSG00000175324,0.232465,2,0
3593,ENSG00000175334,0.114228,5,55
3594,ENSG00000175336,0.374749,5,0
3595,ENSG00000175356,0.214429,6,4
3596,ENSG00000175387,0.188377,13,6
3597,ENSG00000175414,0.284569,47,13
3598,ENSG00000175455,0.186373,16,11
3599,ENSG00000175467,0.142285,9,26
3600,ENSG00000175482,0.382766,50,0
3601,ENSG00000175509,0.196393,0,0
3602,ENSG00000175544,0.218437,1,16
3603,ENSG00000175550,0.164329,19,15
3604,ENSG00000175564,0.200401,6,7
3605,ENSG00000175573,0.136273,17,30
3606,ENSG00000175600,0.148297,0,4
3607,ENSG00000175634,0.192385,21,14
3608,ENSG00000175711,0.338677,48,6
3609,ENSG00000175756,0.382766,65,5
3610,ENSG00000175785,0.230461,15,15
3611,ENSG00000175806,0.232465,13,17
3612,ENSG00000175826,0.104208,0,33
3613,ENSG00000175866,0.300601,51,5
3614,ENSG00000175886,0.180361,10,8
3615,ENSG00000175893,0.130261,0,24
3616,ENSG00000175906,0.406814,47,3
3617,ENSG00000175928,0.140281,0,24
3618,ENSG00000175931,0.406814,83,1
3619,ENSG00000175938,0.136273,7,61
3620,ENSG00000176018,0.144289,9,29
3621,ENSG00000176022,0.360721,116,5
3622,ENSG00000176054,0.164329,1,38
3623,ENSG00000176101,0.190381,42,10
3624,ENSG00000176102,0.262525,6,0
3625,ENSG00000176108,0.134269,21,31
3626,ENSG00000176124,0.523046,25,0
3627,ENSG00000176125,0.244489,42,18
3628,ENSG00000176155,0.244489,35,11
3629,ENSG00000176171,0.1002,0,28
3630,ENSG00000176209,0.122244,0,19
3631,ENSG00000176222,0.132265,0,42
3632,ENSG00000176236,0.260521,0,4
3633,ENSG00000176248,0.150301,2,39
3634,ENSG00000176371,0.432866,35,1
3635,ENSG00000176393,0.170341,0,5
3636,ENSG00000176396,0.178357,0,8
3637,ENSG00000176410,0.216433,33,7
3638,ENSG00000176428,0.124248,0,37
3639,ENSG00000176444,0.222445,36,10
3640,ENSG00000176454,0.170341,1,24
3641,ENSG00000176463,0.228457,25,14
3642,ENSG00000176476,0.112224,0,4
3643,ENSG00000176531,0.194389,0,64
3644,ENSG00000176593,0.266533,30,4
3645,ENSG00000176728,0.308617,43,2
3646,ENSG00000176732,0.336673,22,2
3647,ENSG00000176749,0.162325,0,7
3648,ENSG00000176771,0.136273,0,5
3649,ENSG00000176783,0.166333,0,7
3650,ENSG00000176809,0.142285,0,14
3651,ENSG00000176834,0.160321,0,5
3652,ENSG00000176853,0.132265,3,17
3653,ENSG00000176900,0.312625,6,1
3654,ENSG00000176904,0.296593,2,1
3655,ENSG00000176909,0.304609,11,2
3656,ENSG00000176919,0.170341,3,30
3657,ENSG00000176922,0.260521,2,2
3658,ENSG00000176928,0.480962,116,0
3659,ENSG00000176945,0.154309,0,12
3660,ENSG00000176946,0.182365,13,21
3661,ENSG00000176978,0.260521,46,4
3662,ENSG00000176986,0.114228,21,51
3663,ENSG00000176994,0.12024,2,34
3664,ENSG00000177025,0.304609,52,6
3665,ENSG00000177030,0.509018,69,0
3666,ENSG00000177034,0.142285,9,16
3667,ENSG00000177051,0.244489,8,6
3668,ENSG00000177096,0.224449,0,3
3669,ENSG00000177105,0.136273,3,13
3670,ENSG00000177119,0.292585,77,11
3671,ENSG00000177125,0.138277,1,27
3672,ENSG00000177156,0.242485,35,4
3673,ENSG00000177169,0.124248,0,14
3674,ENSG00000177181,0.210421,15,8
3675,ENSG00000177189,0.11022,15,71
3676,ENSG00000177192,0.312625,57,8
3677,ENSG00000177225,0.40481,109,1
3678,ENSG00000177239,0.258517,27,1
3679,ENSG00000177302,0.178357,3,5
3680,ENSG00000177311,0.202405,75,23
3681,ENSG00000177350,0.152305,25,4
3682,ENSG00000177380,0.196393,18,15
3683,ENSG00000177383,0.228457,0,6
3684,ENSG00000177406,0.190381,0,4
3685,ENSG00000177410,0.178357,15,11
3686,ENSG00000177432,0.246493,4,6
3687,ENSG00000177459,0.212425,1,0
3688,ENSG00000177463,0.138277,38,19
3689,ENSG00000177469,0.164329,13,14
3690,ENSG00000177479,0.124248,0,34
3691,ENSG00000177485,0.118236,5,41
3692,ENSG00000177519,0.292585,34,8
3693,ENSG00000177542,0.428858,77,0
3694,ENSG00000177548,0.360721,77,1
3695,ENSG00000177570,0.214429,16,17
3696,ENSG00000177600,0.228457,50,7
3697,ENSG00000177606,0.104208,0,25
3698,ENSG00000177613,0.108216,7,85
3699,ENSG00000177685,0.276553,34,9
3700,ENSG00000177694,0.234469,4,0
3701,ENSG00000177700,0.172345,37,18
3702,ENSG00000177721,0.180361,0,0
3703,ENSG00000177732,0.204409,3,28
3704,ENSG00000177733,0.124248,1,30
3705,ENSG00000177830,0.118236,19,54
3706,ENSG00000177853,0.134269,3,15
3707,ENSG00000177943,0.124248,1,55
3708,ENSG00000178026,0.168337,3,21
3709,ENSG00000178028,0.188377,40,15
3710,ENSG00000178031,0.324649,8,0
3711,ENSG00000178035,0.150301,3,20
3712,ENSG00000178057,0.132265,0,73
3713,ENSG00000178074,0.142285,4,13
3714,ENSG00000178078,0.116232,12,154
3715,ENSG00000178093,0.164329,0,14
3716,ENSG00000178127,0.146293,23,28
3717,ENSG00000178149,0.240481,1,1
3718,ENSG00000178162,0.122244,1,12
3719,ENSG00000178201,0.146293,0,10
3720,ENSG00000178409,0.158317,0,37
3721,ENSG00000178449,0.142285,5,5
3722,ENSG00000178460,0.402806,40,0
3723,ENSG00000178467,0.53507,102,0
3724,ENSG00000178605,0.312625,33,5
3725,ENSG00000178631,0.12024,0,8
3726,ENSG00000178662,0.523046,75,1
3727,ENSG00000178685,0.256513,15,1
3728,ENSG00000178715,0.124248,0,7
3729,ENSG00000178719,0.216433,9,8
3730,ENSG00000178741,0.246493,61,3
3731,ENSG00000178802,0.324649,16,1
3732,ENSG00000178821,0.148297,0,46
3733,ENSG00000178896,0.298597,55,4
3734,ENSG00000178927,0.418838,65,0
3735,ENSG00000178950,0.224449,1,1
3736,ENSG00000178952,0.180361,22,23
3737,ENSG00000178966,0.156313,4,13
3738,ENSG00000178974,0.12024,24,36
3739,ENSG00000178996,0.106212,2,154
3740,ENSG00000179008,0.298597,1,0
3741,ENSG00000179044,0.126253,0,10
3742,ENSG00000179085,0.148297,33,23
3743,ENSG00000179115,0.158317,0,65
3744,ENSG00000179134,0.222445,6,1
3745,ENSG00000179151,0.462926,67,1
3746,ENSG00000179195,0.116232,0,57
3747,ENSG00000179222,0.192385,2,21
3748,ENSG00000179240,0.288577,8,0
3749,ENSG00000179241,0.114228,0,7
3750,ENSG00000179256,0.118236,0,7
3751,ENSG00000179271,0.206413,58,24
3752,ENSG00000179295,0.132265,38,37
3753,ENSG00000179362,0.134269,0,7
3754,ENSG00000179526,0.240481,53,9
3755,ENSG00000179588,0.12024,0,123
3756,ENSG00000179598,0.190381,0,8
3757,ENSG00000179604,0.132265,2,21
3758,ENSG00000179627,0.152305,0,18
3759,ENSG00000179673,0.214429,0,6
3760,ENSG00000179698,0.340681,64,1
3761,ENSG00000179709,0.254509,13,1
3762,ENSG00000179772,0.318637,7,0
3763,ENSG00000179813,0.168337,3,2
3764,ENSG00000179818,0.244489,35,6
3765,ENSG00000179820,0.180361,6,12
3766,ENSG00000179832,0.152305,1,19
3767,ENSG00000179862,0.158317,1,14
3768,ENSG00000179886,0.176353,7,18
3769,ENSG00000179889,0.182365,2,10
3770,ENSG00000179909,0.300601,42,14
3771,ENSG00000179918,0.12024,0,17
3772,ENSG00000179922,0.182365,36,24
3773,ENSG00000179950,0.320641,41,0
3774,ENSG00000179967,0.184369,38,17
3775,ENSG00000180011,0.186373,0,12
3776,ENSG00000180035,0.300601,40,2
3777,ENSG00000180044,0.210421,0,0
3778,ENSG00000180178,0.134269,2,10
3779,ENSG00000180185,0.118236,0,7
3780,ENSG00000180190,0.102204,0,2
3781,ENSG00000180263,0.174349,39,29
3782,ENSG00000180279,0.272545,43,13
3783,ENSG00000180304,0.142285,0,0
3784,ENSG00000180357,0.118236,2,42
3785,ENSG00000180398,0.124248,12,40
3786,ENSG00000180447,0.142285,5,40
3787,ENSG00000180488,0.130261,3,15
3788,ENSG00000180543,0.262525,2,2
3789,ENSG00000180596,0.170341,2,2
3790,ENSG00000180611,0.274549,25,7
3791,ENSG00000180626,0.130261,0,22
3792,ENSG00000180628,0.250501,47,4
3793,ENSG00000180667,0.130261,1,17
3794,ENSG00000180694,0.152305,11,38
3795,ENSG00000180776,0.106212,7,66
3796,ENSG00000180822,0.563126,125,0
3797,ENSG00000180884,0.152305,5,15
3798,ENSG00000180900,0.386774,61,0
3799,ENSG00000180921,0.274549,21,3
3800,ENSG00000180992,0.166333,32,20
3801,ENSG00000181019,0.112224,0,9
3802,ENSG00000181026,0.210421,0,0
3803,ENSG00000181035,0.196393,6,15
3804,ENSG00000181061,0.162325,0,14
3805,ENSG00000181090,0.142285,1,30
3806,ENSG00000181097,0.172345,3,21
3807,ENSG00000181104,0.124248,0,5
3808,ENSG00000181135,0.266533,29,1
3809,ENSG00000181192,0.148297,2,18
3810,ENSG00000181220,0.302605,65,0
3811,ENSG00000181264,0.232465,0,2
3812,ENSG00000181274,0.192385,1,9
3813,ENSG00000181378,0.581162,172,0
3814,ENSG00000181381,0.12024,1,5
3815,ENSG00000181392,0.370741,92,7
3816,ENSG00000181396,0.198397,20,10
3817,ENSG00000181404,0.138277,5,47
3818,ENSG00000181481,0.306613,7,0
3819,ENSG00000181523,0.208417,0,5
3820,ENSG00000181555,0.112224,23,54
3821,ENSG00000181588,0.178357,3,13
3822,ENSG00000181638,0.254509,19,4
3823,ENSG00000181652,0.306613,3,0
3824,ENSG00000181666,0.320641,1,0
3825,ENSG00000181751,0.152305,0,13
3826,ENSG00000181778,0.216433,58,19
3827,ENSG00000181798,0.182365,0,5
3828,ENSG00000181908,0.276553,6,4
3829,ENSG00000181924,0.146293,10,36
3830,ENSG00000182013,0.202405,11,15
3831,ENSG00000182022,0.150301,8,42
3832,ENSG00000182107,0.124248,0,16
3833,ENSG00000182108,0.216433,5,1
3834,ENSG00000182109,0.262525,28,8
3835,ENSG00000182118,0.160321,5,21
3836,ENSG00000182154,0.527054,102,0
3837,ENSG00000182173,0.176353,20,14
3838,ENSG00000182195,0.156313,0,1
3839,ENSG00000182196,0.170341,23,7
3840,ENSG00000182272,0.336673,78,6
3841,ENSG00000182318,0.292585,20,1
3842,ENSG00000182325,0.242485,37,12
3843,ENSG00000182362,0.234469,44,12
3844,ENSG00000182446,0.212425,3,0
3845,ENSG00000182492,0.178357,5,2
3846,ENSG00000182512,0.240481,27,4
3847,ENSG00000182534,0.468938,63,0
3848,ENSG00000182568,0.134269,0,116
3849,ENSG00000182584,0.346693,32,1
3850,ENSG00000182600,0.276553,42,5
3851,ENSG00000182612,0.132265,0,4
3852,ENSG00000182621,0.234469,38,11
3853,ENSG00000182636,0.178357,2,12
3854,ENSG00000182648,0.204409,1,4
3855,ENSG00000182667,0.168337,2,2
3856,ENSG00000182774,0.152305,17,16
3857,ENSG00000182809,0.12024,0,20
3858,ENSG00000182827,0.130261,6,20
3859,ENSG00000182872,0.308617,63,2
3860,ENSG00000182903,0.122244,0,21
3861,ENSG00000182916,0.168337,10,23
3862,ENSG00000182944,0.198397,2,13
3863,ENSG00000182952,0.190381,26,10
3864,ENSG00000182973,0.178357,4,8
3865,ENSG00000182983,0.138277,1,33
3866,ENSG00000182993,0.146293,0,30
3867,ENSG00000183010,0.258517,4,16
3868,ENSG00000183011,0.130261,21,50
3869,ENSG00000183020,0.106212,0,22
3870,ENSG00000183048,0.230461,53,29
3871,ENSG00000183049,0.272545,47,17
3872,ENSG00000183060,0.198397,0,10
3873,ENSG00000183066,0.246493,9,1
3874,ENSG00000183077,0.142285,0,34
3875,ENSG00000183087,0.210421,17,12
3876,ENSG00000183186,0.322645,2,0
3877,ENSG00000183207,0.302605,76,2
3878,ENSG00000183208,0.280561,0,1
3879,ENSG00000183248,0.122244,0,64
3880,ENSG00000183258,0.302605,30,3
3881,ENSG00000183283,0.134269,1,67
3882,ENSG00000183309,0.164329,6,17
3883,ENSG00000183317,0.739479,185,0
3884,ENSG00000183337,0.230461,54,7
3885,ENSG00000183401,0.350701,131,7
3886,ENSG00000183444,0.44489,102,0
3887,ENSG00000183520,0.138277,0,8
3888,ENSG00000183576,0.116232,1,46
3889,ENSG00000183580,0.244489,16,15
3890,ENSG00000183605,0.272545,49,10
3891,ENSG00000183648,0.116232,14,60
3892,ENSG00000183665,0.150301,4,15
3893,ENSG00000183684,0.116232,7,119
3894,ENSG00000183718,0.260521,46,6
3895,ENSG00000183723,0.250501,24,7
3896,ENSG00000183751,0.212425,26,6
3897,ENSG00000183763,0.136273,3,28
3898,ENSG00000183770,0.320641,0,1
3899,ENSG00000183807,0.162325,5,22
3900,ENSG00000183808,0.170341,19,7
3901,ENSG00000183828,0.152305,15,18
3902,ENSG00000183844,0.122244,0,47
3903,ENSG00000183888,0.272545,12,0
3904,ENSG00000183929,0.138277,0,5
3905,ENSG00000184007,0.202405,0,14
3906,ENSG00000184014,0.138277,32,37
3907,ENSG00000184058,0.214429,2,14
3908,ENSG00000184110,0.184369,0,12
3909,ENSG00000184117,0.104208,0,20
3910,ENSG00000184154,0.416834,24,0
3911,ENSG00000184162,0.132265,5,56
3912,ENSG00000184194,0.432866,64,0
3913,ENSG00000184205,0.236473,0,10
3914,ENSG00000184207,0.118236,7,94
3915,ENSG00000184209,0.400802,132,4
3916,ENSG00000184216,0.334669,12,1
3917,ENSG00000184221,0.148297,0,8
3918,ENSG00000184254,0.192385,4,6
3919,ENSG00000184271,0.116232,0,24
3920,ENSG00000184281,0.124248,23,42
3921,ENSG00000184304,0.130261,0,45
3922,ENSG00000184307,0.198397,11,15
3923,ENSG00000184363,0.232465,32,21
3924,ENSG00000184378,0.240481,2,8
3925,ENSG00000184388,0.262525,1,1
3926,ENSG00000184402,0.408818,149,1
3927,ENSG00000184428,0.156313,4,17
3928,ENSG00000184436,0.106212,13,50
3929,ENSG00000184470,0.324649,23,1
3930,ENSG00000184500,0.108216,0,0
3931,ENSG00000184508,0.222445,34,10
3932,ENSG00000184517,0.222445,19,3
3933,ENSG00000184564,0.286573,27,5
3934,ENSG00000184575,0.242485,27,2
3935,ENSG00000184640,0.140281,0,49
3936,ENSG00000184669,0.188377,0,12
3937,ENSG00000184702,0.274549,13,4
3938,ENSG00000184709,0.212425,7,11
3939,ENSG00000184719,0.126253,0,5
3940,ENSG00000184731,0.220441,6,5
3941,ENSG00000184785,0.144289,11,21
3942,ENSG00000184792,0.198397,0,4
3943,ENSG00000184828,0.272545,1,7
3944,ENSG00000184838,0.184369,1,1
3945,ENSG00000184840,0.202405,6,12
3946,ENSG00000184856,0.184369,1,0
3947,ENSG00000184857,0.212425,20,5
3948,ENSG00000184867,0.314629,10,0
3949,ENSG00000184887,0.244489,17,10
3950,ENSG00000184897,0.244489,22,6
3951,ENSG00000184898,0.142285,19,63
3952,ENSG00000184905,0.334669,61,7
3953,ENSG00000184924,0.288577,50,7
3954,ENSG00000184949,0.456914,135,0
3955,ENSG00000184967,0.164329,21,32
3956,ENSG00000184983,0.126253,0,4
3957,ENSG00000184986,0.106212,0,48
3958,ENSG00000184990,0.202405,26,2
3959,ENSG00000184992,0.188377,13,11
3960,ENSG00000184999,0.174349,1,11
3961,ENSG00000185000,0.176353,4,13
3962,ENSG00000185015,0.198397,0,0
3963,ENSG00000185024,0.214429,14,27
3964,ENSG00000185043,0.254509,54,8
3965,ENSG00000185049,0.220441,12,12
3966,ENSG00000185085,0.106212,0,35
3967,ENSG00000185090,0.194389,0,5
3968,ENSG00000185122,0.162325,5,10
3969,ENSG00000185129,0.244489,63,9
3970,ENSG00000185168,0.192385,0,5
3971,ENSG00000185187,0.238477,63,12
3972,ENSG00000185189,0.144289,0,42
3973,ENSG00000185201,0.116232,0,25
3974,ENSG00000185222,0.184369,0,1
3975,ENSG00000185246,0.134269,1,37
3976,ENSG00000185252,0.298597,31,2
3977,ENSG00000185262,0.214429,54,21
3978,ENSG00000185278,0.218437,20,6
3979,ENSG00000185290,0.132265,0,11
3980,ENSG00000185298,0.128257,5,49
3981,ENSG00000185303,0.164329,0,2
3982,ENSG00000185306,0.184369,0,0
3983,ENSG00000185324,0.184369,12,21
3984,ENSG00000185347,0.274549,60,9
3985,ENSG00000185352,0.214429,0,1
3986,ENSG00000185386,0.112224,0,153
3987,ENSG00000185418,0.130261,0,1
3988,ENSG00000185437,0.192385,3,22
3989,ENSG00000185495,0.140281,0,10
3990,ENSG00000185504,0.230461,27,20
3991,ENSG00000185507,0.250501,10,3
3992,ENSG00000185515,0.122244,0,21
3993,ENSG00000185522,0.118236,0,75
3994,ENSG00000185532,0.236473,21,9
3995,ENSG00000185591,0.114228,27,39
3996,ENSG00000185596,0.12024,0,40
3997,ENSG00000185614,0.150301,2,28
3998,ENSG00000185615,0.410822,90,1
3999,ENSG00000185619,0.248497,13,10
4000,ENSG00000185624,0.114228,0,32
4001,ENSG00000185630,0.176353,24,35
4002,ENSG00000185633,0.126253,0,8
4003,ENSG00000185650,0.38477,60,1
4004,ENSG00000185652,0.511022,67,0
4005,ENSG00000185658,0.132265,2,67
4006,ENSG00000185716,0.126253,22,29
4007,ENSG00000185730,0.270541,12,5
4008,ENSG00000185803,0.160321,4,26
4009,ENSG00000185813,0.140281,6,39
4010,ENSG00000185837,0.348697,62,3
4011,ENSG00000185838,0.170341,14,20
4012,ENSG00000185885,0.172345,4,11
4013,ENSG00000185896,0.132265,0,1
4014,ENSG00000185973,0.264529,46,23
4015,ENSG00000186010,0.1002,1,165
4016,ENSG00000186017,0.216433,22,8
4017,ENSG00000186026,0.228457,0,4
4018,ENSG00000186073,0.268537,32,8
4019,ENSG00000186088,0.122244,0,12
4020,ENSG00000186184,0.218437,4,4
4021,ENSG00000186198,0.178357,17,23
4022,ENSG00000186212,0.122244,0,31
4023,ENSG00000186222,0.386774,62,3
4024,ENSG00000186288,0.184369,0,2
4025,ENSG00000186468,0.112224,0,47
4026,ENSG00000186471,0.160321,4,3
4027,ENSG00000186493,0.328657,84,12
4028,ENSG00000186522,0.218437,74,17
4029,ENSG00000186532,0.202405,12,4
4030,ENSG00000186566,0.130261,39,24
4031,ENSG00000186575,0.118236,0,18
4032,ENSG00000186577,0.12024,2,56
4033,ENSG00000186594,0.244489,6,1
4034,ENSG00000186660,0.104208,5,71
4035,ENSG00000186665,0.170341,0,14
4036,ENSG00000186716,0.116232,0,21
4037,ENSG00000186765,0.290581,13,2
4038,ENSG00000186792,0.114228,0,24
4039,ENSG00000186806,0.194389,0,9
4040,ENSG00000186812,0.294589,23,1
4041,ENSG00000186814,0.134269,10,74
4042,ENSG00000186818,0.12024,0,9
4043,ENSG00000186832,0.340681,21,2
4044,ENSG00000186891,0.11022,0,63
4045,ENSG00000186907,0.274549,0,0
4046,ENSG00000186910,0.106212,0,16
4047,ENSG00000187013,0.160321,0,30
4048,ENSG00000187051,0.232465,63,29
4049,ENSG00000187079,0.288577,88,12
4050,ENSG00000187097,0.336673,28,1
4051,ENSG00000187098,0.222445,39,13
4052,ENSG00000187122,0.426854,14,0
4053,ENSG00000187140,0.152305,0,9
4054,ENSG00000187147,0.278557,11,6
4055,ENSG00000187186,0.134269,0,67
4056,ENSG00000187189,0.218437,44,12
4057,ENSG00000187231,0.338677,78,7
4058,ENSG00000187240,0.200401,50,7
4059,ENSG00000187244,0.138277,0,29
4060,ENSG00000187372,0.136273,0,4
4061,ENSG00000187492,0.130261,3,9
4062,ENSG00000187531,0.138277,2,47
4063,ENSG00000187546,0.246493,1,0
4064,ENSG00000187555,0.272545,34,1
4065,ENSG00000187566,0.270541,0,5
4066,ENSG00000187595,0.194389,6,4
4067,ENSG00000187605,0.174349,14,6
4068,ENSG00000187608,0.360721,18,0
4069,ENSG00000187650,0.224449,0,4
4070,ENSG00000187653,0.128257,0,0
4071,ENSG00000187695,0.212425,0,0
4072,ENSG00000187730,0.258517,4,0
4073,ENSG00000187742,0.194389,3,8
4074,ENSG00000187778,0.234469,32,9
4075,ENSG00000187801,0.206413,21,8
4076,ENSG00000187837,0.144289,1,30
4077,ENSG00000187840,0.11022,0,58
4078,ENSG00000187860,0.346693,85,2
4079,ENSG00000187866,0.106212,6,78
4080,ENSG00000187889,0.140281,0,6
4081,ENSG00000187954,0.294589,67,5
4082,ENSG00000187961,0.316633,47,4
4083,ENSG00000188021,0.218437,89,7
4084,ENSG00000188092,0.45491,66,0
4085,ENSG00000188130,0.324649,55,2
4086,ENSG00000188153,0.176353,19,3
4087,ENSG00000188177,0.200401,30,6
4088,ENSG00000188229,0.142285,0,17
4089,ENSG00000188234,0.246493,7,5
4090,ENSG00000188242,0.180361,0,0
4091,ENSG00000188290,0.186373,2,49
4092,ENSG00000188313,0.230461,28,13
4093,ENSG00000188315,0.184369,0,52
4094,ENSG00000188342,0.134269,0,8
4095,ENSG00000188352,0.146293,0,25
4096,ENSG00000188368,0.260521,24,3
4097,ENSG00000188419,0.140281,29,14
4098,ENSG00000188493,0.182365,0,22
4099,ENSG00000188522,0.126253,0,8
4100,ENSG00000188554,0.11022,4,59
4101,ENSG00000188559,0.492986,179,1
4102,ENSG00000188573,0.11022,0,20
4103,ENSG00000188603,0.224449,19,8
4104,ENSG00000188641,0.252505,59,12
4105,ENSG00000188643,0.190381,9,23
4106,ENSG00000188690,0.168337,13,37
4107,ENSG00000188706,0.148297,2,17
4108,ENSG00000188732,0.116232,0,42
4109,ENSG00000188735,0.501002,92,0
4110,ENSG00000188747,0.306613,75,5
4111,ENSG00000188807,0.164329,0,20
4112,ENSG00000188817,0.150301,5,3
4113,ENSG00000188818,0.366733,0,0
4114,ENSG00000188846,0.160321,18,8
4115,ENSG00000188848,0.148297,1,22
4116,ENSG00000188856,0.188377,2,8
4117,ENSG00000188883,0.154309,0,15
4118,ENSG00000188895,0.308617,40,1
4119,ENSG00000188906,0.320641,49,5
4120,ENSG00000188933,0.186373,0,7
4121,ENSG00000188959,0.206413,1,9
4122,ENSG00000188986,0.282565,41,4
4123,ENSG00000188994,0.178357,25,14
4124,ENSG00000188997,0.150301,0,1
4125,ENSG00000189046,0.264529,38,18
4126,ENSG00000189060,0.134269,0,31
4127,ENSG00000189114,0.134269,0,8
4128,ENSG00000189134,0.53507,133,0
4129,ENSG00000189157,0.178357,0,6
4130,ENSG00000189159,0.128257,2,32
4131,ENSG00000189171,0.124248,0,21
4132,ENSG00000189180,0.106212,0,61
4133,ENSG00000189227,0.234469,15,13
4134,ENSG00000189306,0.146293,5,29
4135,ENSG00000189308,0.172345,34,5
4136,ENSG00000189362,0.218437,7,9
4137,ENSG00000196141,0.396794,76,0
4138,ENSG00000196177,0.144289,0,8
4139,ENSG00000196199,0.134269,10,47
4140,ENSG00000196235,0.250501,0,0
4141,ENSG00000196236,0.230461,9,1
4142,ENSG00000196263,0.200401,10,7
4143,ENSG00000196295,0.166333,6,11
4144,ENSG00000196305,0.194389,23,10
4145,ENSG00000196313,0.248497,27,5
4146,ENSG00000196323,0.148297,9,5
4147,ENSG00000196338,0.204409,18,9
4148,ENSG00000196345,0.190381,0,11
4149,ENSG00000196352,0.156313,1,39
4150,ENSG00000196363,0.308617,39,2
4151,ENSG00000196365,0.38477,63,0
4152,ENSG00000196366,0.380762,79,0
4153,ENSG00000196367,0.108216,1,42
4154,ENSG00000196372,0.256513,0,3
4155,ENSG00000196388,0.154309,0,29
4156,ENSG00000196396,0.104208,0,13
4157,ENSG00000196405,0.254509,3,0
4158,ENSG00000196418,0.182365,4,0
4159,ENSG00000196422,0.202405,13,22
4160,ENSG00000196431,0.158317,0,1
4161,ENSG00000196436,0.174349,0,18
4162,ENSG00000196440,0.310621,50,2
4163,ENSG00000196456,0.356713,66,0
4164,ENSG00000196458,0.420842,80,0
4165,ENSG00000196470,0.144289,0,1
4166,ENSG00000196497,0.214429,40,13
4167,ENSG00000196504,0.12024,9,92
4168,ENSG00000196544,0.102204,1,137
4169,ENSG00000196547,0.230461,5,2
4170,ENSG00000196549,0.208417,0,3
4171,ENSG00000196557,0.142285,0,49
4172,ENSG00000196586,0.112224,0,38
4173,ENSG00000196597,0.234469,21,3
4174,ENSG00000196628,0.206413,21,18
4175,ENSG00000196642,0.196393,25,17
4176,ENSG00000196668,0.138277,0,26
4177,ENSG00000196670,0.118236,0,43
4178,ENSG00000196683,0.166333,16,13
4179,ENSG00000196693,0.186373,3,2
4180,ENSG00000196712,0.124248,30,51
4181,ENSG00000196715,0.204409,4,7
4182,ENSG00000196724,0.228457,23,7
4183,ENSG00000196730,0.380762,14,0
4184,ENSG00000196739,0.230461,9,14
4185,ENSG00000196756,0.448898,103,0
4186,ENSG00000196757,0.116232,0,42
4187,ENSG00000196781,0.286573,25,1
4188,ENSG00000196782,0.254509,27,3
4189,ENSG00000196793,0.196393,0,5
4190,ENSG00000196812,0.128257,0,94
4191,ENSG00000196834,0.156313,3,1
4192,ENSG00000196850,0.314629,79,9
4193,ENSG00000196943,0.152305,2,9
4194,ENSG00000196976,0.212425,51,12
4195,ENSG00000196998,0.138277,3,86
4196,ENSG00000197043,0.148297,7,26
4197,ENSG00000197070,0.316633,49,8
4198,ENSG00000197081,0.150301,4,4
4199,ENSG00000197106,0.172345,0,1
4200,ENSG00000197121,0.202405,35,22
4201,ENSG00000197142,0.126253,0,61
4202,ENSG00000197147,0.126253,3,33
4203,ENSG00000197149,0.306613,6,0
4204,ENSG00000197150,0.244489,11,8
4205,ENSG00000197162,0.164329,0,24
4206,ENSG00000197168,0.202405,0,4
4207,ENSG00000197191,0.460922,173,1
4208,ENSG00000197217,0.246493,0,2
4209,ENSG00000197226,0.226453,8,7
4210,ENSG00000197238,0.196393,0,4
4211,ENSG00000197265,0.136273,0,16
4212,ENSG00000197312,0.144289,12,14
4213,ENSG00000197321,0.142285,10,61
4214,ENSG00000197323,0.202405,26,2
4215,ENSG00000197343,0.136273,5,49
4216,ENSG00000197345,0.152305,19,18
4217,ENSG00000197363,0.162325,1,25
4218,ENSG00000197444,0.42485,6,0
4219,ENSG00000197461,0.158317,0,6
4220,ENSG00000197498,0.258517,3,6
4221,ENSG00000197558,0.230461,10,12
4222,ENSG00000197565,0.234469,35,14
4223,ENSG00000197579,0.138277,33,25
4224,ENSG00000197608,0.226453,27,5
4225,ENSG00000197674,0.354709,16,1
4226,ENSG00000197728,0.126253,1,25
4227,ENSG00000197748,0.368737,10,0
4228,ENSG00000197756,0.288577,53,8
4229,ENSG00000197774,0.298597,73,8
4230,ENSG00000197776,0.170341,17,11
4231,ENSG00000197822,0.190381,5,4
4232,ENSG00000197837,0.124248,0,9
4233,ENSG00000197858,0.218437,29,8
4234,ENSG00000197930,0.174349,6,22
4235,ENSG00000197956,0.326653,65,6
4236,ENSG00000197958,0.212425,37,7
4237,ENSG00000197961,0.224449,12,12
4238,ENSG00000197969,0.12024,2,30
4239,ENSG00000197971,0.244489,11,2
4240,ENSG00000197977,0.114228,0,9
4241,ENSG00000197982,0.252505,43,7
4242,ENSG00000197984,0.206413,0,6
4243,ENSG00000197989,0.332665,51,2
4244,ENSG00000198028,0.206413,0,0
4245,ENSG00000198040,0.298597,47,4
4246,ENSG00000198046,0.316633,76,2
4247,ENSG00000198053,0.154309,4,32
4248,ENSG00000198055,0.262525,29,7
4249,ENSG00000198075,0.182365,33,20
4250,ENSG00000198105,0.166333,0,8
4251,ENSG00000198121,0.280561,27,10
4252,ENSG00000198131,0.132265,0,43
4253,ENSG00000198142,0.168337,16,13
4254,ENSG00000198146,0.148297,36,31
4255,ENSG00000198160,0.112224,33,47
4256,ENSG00000198162,0.182365,56,14
4257,ENSG00000198169,0.234469,16,2
4258,ENSG00000198171,0.228457,30,4
4259,ENSG00000198176,0.118236,4,209
4260,ENSG00000198182,0.138277,0,30
4261,ENSG00000198185,0.242485,2,2
4262,ENSG00000198217,0.282565,5,2
4263,ENSG00000198221,0.174349,0,24
4264,ENSG00000198242,0.222445,31,6
4265,ENSG00000198265,0.126253,41,34
4266,ENSG00000198276,0.258517,26,10
4267,ENSG00000198298,0.378758,61,0
4268,ENSG00000198315,0.11022,26,43
4269,ENSG00000198331,0.286573,3,1
4270,ENSG00000198363,0.476954,91,0
4271,ENSG00000198369,0.188377,28,8
4272,ENSG00000198373,0.114228,0,29
4273,ENSG00000198399,0.162325,43,15
4274,ENSG00000198408,0.106212,0,18
4275,ENSG00000198420,0.140281,0,11
4276,ENSG00000198464,0.272545,32,2
4277,ENSG00000198466,0.172345,2,17
4278,ENSG00000198488,0.264529,21,0
4279,ENSG00000198498,0.112224,0,27
4280,ENSG00000198520,0.156313,3,28
4281,ENSG00000198535,0.11022,0,0
4282,ENSG00000198542,0.164329,3,1
4283,ENSG00000198546,0.230461,33,14
4284,ENSG00000198569,0.162325,0,21
4285,ENSG00000198585,0.132265,0,8
4286,ENSG00000198586,0.144289,0,14
4287,ENSG00000198618,0.142285,0,12
4288,ENSG00000198624,0.194389,15,23
4289,ENSG00000198646,0.152305,17,15
4290,ENSG00000198648,0.132265,0,14
4291,ENSG00000198668,0.43487,67,0
4292,ENSG00000198680,0.160321,0,18
4293,ENSG00000198689,0.260521,24,3
4294,ENSG00000198707,0.118236,0,31
4295,ENSG00000198718,0.134269,36,24
4296,ENSG00000198720,0.302605,26,1
4297,ENSG00000198721,0.322645,6,0
4298,ENSG00000198732,0.210421,13,12
4299,ENSG00000198734,0.104208,0,19
4300,ENSG00000198736,0.112224,0,28
4301,ENSG00000198740,0.254509,13,2
4302,ENSG00000198743,0.194389,31,12
4303,ENSG00000198746,0.144289,19,21
4304,ENSG00000198753,0.130261,0,44
4305,ENSG00000198780,0.284569,90,2
4306,ENSG00000198785,0.182365,1,5
4307,ENSG00000198786,0.108216,6,141
4308,ENSG00000198791,0.300601,16,3
4309,ENSG00000198792,0.11022,0,10
4310,ENSG00000198793,0.166333,0,10
4311,ENSG00000198815,0.152305,15,5
4312,ENSG00000198824,0.168337,0,14
4313,ENSG00000198825,0.202405,28,13
4314,ENSG00000198832,0.332665,69,3
4315,ENSG00000198836,0.212425,45,7
4316,ENSG00000198837,0.12024,0,23
4317,ENSG00000198853,0.116232,1,46
4318,ENSG00000198876,0.200401,21,6
4319,ENSG00000198887,0.116232,17,33
4320,ENSG00000198890,0.362725,37,1
4321,ENSG00000198894,0.132265,8,38
4322,ENSG00000198917,0.188377,4,14
4323,ENSG00000198918,0.12024,9,30
4324,ENSG00000198924,0.114228,0,24
4325,ENSG00000198931,0.198397,18,21
4326,ENSG00000198932,0.12024,3,53
4327,ENSG00000198933,0.200401,0,16
4328,ENSG00000198945,0.118236,0,20
4329,ENSG00000198952,0.334669,23,0
4330,ENSG00000198954,0.178357,1,7
4331,ENSG00000198961,0.266533,103,17
4332,ENSG00000198963,0.162325,1,80
4333,ENSG00000198964,0.108216,0,53
4334,ENSG00000198984,0.172345,0,7
4335,ENSG00000199085,0.140281,0,37
4336,ENSG00000199161,0.238477,0,3
4337,ENSG00000199370,0.150301,0,1
4338,ENSG00000199407,0.162325,0,13
4339,ENSG00000199667,0.166333,0,1
4340,ENSG00000199753,0.248497,49,14
4341,ENSG00000199906,0.104208,0,117
4342,ENSG00000200090,0.116232,0,30
4343,ENSG00000200262,0.178357,1,6
4344,ENSG00000200344,0.142285,0,12
4345,ENSG00000200534,0.134269,1,106
4346,ENSG00000200693,0.174349,23,30
4347,ENSG00000200991,0.126253,0,14
4348,ENSG00000201151,0.132265,0,36
4349,ENSG00000201207,0.176353,0,20
4350,ENSG00000201264,0.338677,1,0
4351,ENSG00000201302,0.140281,0,34
4352,ENSG00000201555,0.154309,0,22
4353,ENSG00000201684,0.142285,0,24
4354,ENSG00000202111,0.124248,0,0
4355,ENSG00000202268,0.38477,9,0
4356,ENSG00000202343,0.188377,0,0
4357,ENSG00000203279,0.200401,0,8
4358,ENSG00000203288,0.128257,0,34
4359,ENSG00000203499,0.214429,7,8
4360,ENSG00000203588,0.170341,2,9
4361,ENSG00000203635,0.184369,1,17
4362,ENSG00000203668,0.164329,12,6
4363,ENSG00000203734,0.244489,6,1
4364,ENSG00000203772,0.294589,59,8
4365,ENSG00000203814,0.156313,1,0
4366,ENSG00000203879,0.124248,0,53
4367,ENSG00000203896,0.134269,7,70
4368,ENSG00000203993,0.244489,39,14
4369,ENSG00000203995,0.126253,0,11
4370,ENSG00000204044,0.44489,16,0
4371,ENSG00000204052,0.124248,0,38
4372,ENSG00000204084,0.192385,8,11
4373,ENSG00000204104,0.108216,17,51
4374,ENSG00000204128,0.513026,72,0
4375,ENSG00000204149,0.138277,6,32
4376,ENSG00000204160,0.104208,0,17
4377,ENSG00000204174,0.158317,1,15
4378,ENSG00000204219,0.292585,16,5
4379,ENSG00000204220,0.234469,82,8
4380,ENSG00000204227,0.148297,6,39
4381,ENSG00000204237,0.509018,92,1
4382,ENSG00000204253,0.198397,28,2
4383,ENSG00000204256,0.118236,1,53
4384,ENSG00000204271,0.154309,2,24
4385,ENSG00000204282,0.160321,0,4
4386,ENSG00000204316,0.222445,7,20
4387,ENSG00000204334,0.248497,0,1
4388,ENSG00000204335,0.138277,0,15
4389,ENSG00000204344,0.294589,19,1
4390,ENSG00000204348,0.298597,51,4
4391,ENSG00000204351,0.204409,0,11
4392,ENSG00000204356,0.11022,19,52
4393,ENSG00000204370,0.426854,84,0
4394,ENSG00000204371,0.200401,2,4
4395,ENSG00000204381,0.132265,7,41
4396,ENSG00000204386,0.136273,0,4
4397,ENSG00000204387,0.170341,1,9
4398,ENSG00000204397,0.224449,11,15
4399,ENSG00000204406,0.214429,68,18
4400,ENSG00000204428,0.258517,24,4
4401,ENSG00000204438,0.164329,20,8
4402,ENSG00000204444,0.272545,5,5
4403,ENSG00000204463,0.146293,0,23
4404,ENSG00000204469,0.380762,62,1
4405,ENSG00000204498,0.432866,98,0
4406,ENSG00000204514,0.254509,21,9
4407,ENSG00000204524,0.180361,30,6
4408,ENSG00000204536,0.12024,4,83
4409,ENSG00000204612,0.248497,4,3
4410,ENSG00000204624,0.216433,0,1
4411,ENSG00000204628,0.176353,12,10
4412,ENSG00000204673,0.440882,112,0
4413,ENSG00000204685,0.198397,1,6
4414,ENSG00000204713,0.553106,74,0
4415,ENSG00000204789,0.202405,10,24
4416,ENSG00000204822,0.206413,27,23
4417,ENSG00000204832,0.164329,0,4
4418,ENSG00000204842,0.162325,1,6
4419,ENSG00000204860,0.356713,16,1
4420,ENSG00000204922,0.310621,51,9
4421,ENSG00000204946,0.276553,54,3
4422,ENSG00000204954,0.476954,194,0
4423,ENSG00000204967,0.168337,0,4
4424,ENSG00000204970,0.188377,1,0
4425,ENSG00000205078,0.380762,38,3
4426,ENSG00000205129,0.132265,0,17
4427,ENSG00000205138,0.160321,31,37
4428,ENSG00000205189,0.184369,3,9
4429,ENSG00000205213,0.104208,5,82
4430,ENSG00000205309,0.180361,19,15
4431,ENSG00000205339,0.220441,29,2
4432,ENSG00000205363,0.428858,77,3
4433,ENSG00000205464,0.182365,0,5
4434,ENSG00000205544,0.11022,5,131
4435,ENSG00000205560,0.136273,3,41
4436,ENSG00000205581,0.114228,0,13
4437,ENSG00000205593,0.196393,22,15
4438,ENSG00000205643,0.108216,10,88
4439,ENSG00000205726,0.160321,28,32
4440,ENSG00000205744,0.286573,0,1
4441,ENSG00000205763,0.513026,110,2
4442,ENSG00000205771,0.182365,0,2
4443,ENSG00000205835,0.224449,0,8
4444,ENSG00000205861,0.198397,4,5
4445,ENSG00000205863,0.268537,16,1
4446,ENSG00000205869,0.162325,1,25
4447,ENSG00000205903,0.140281,1,58
4448,ENSG00000205913,0.412826,117,3
4449,ENSG00000205937,0.258517,23,2
4450,ENSG00000206053,0.246493,0,6
4451,ENSG00000206147,0.216433,17,0
4452,ENSG00000206195,0.140281,0,4
4453,ENSG00000206344,0.236473,4,5
4454,ENSG00000206417,0.196393,34,29
4455,ENSG00000206418,0.254509,11,12
4456,ENSG00000206527,0.180361,1,9
4457,ENSG00000206538,0.140281,4,7
4458,ENSG00000206567,0.172345,0,20
4459,ENSG00000206573,0.12024,0,67
4460,ENSG00000206590,0.202405,1,0
4461,ENSG00000206630,0.446894,80,0
4462,ENSG00000206634,0.222445,0,0
4463,ENSG00000206785,0.184369,0,9
4464,ENSG00000206869,0.168337,1,3
4465,ENSG00000206878,0.184369,1,0
4466,ENSG00000206897,0.254509,1,0
4467,ENSG00000206913,0.190381,2,5
4468,ENSG00000207110,0.156313,1,7
4469,ENSG00000207276,0.190381,0,4
4470,ENSG00000207383,0.228457,1,1
4471,ENSG00000207445,0.178357,1,3
4472,ENSG00000207503,0.190381,0,0
4473,ENSG00000207516,0.144289,0,2
4474,ENSG00000207547,0.372745,80,1
4475,ENSG00000207554,0.184369,19,16
4476,ENSG00000207571,0.204409,0,1
4477,ENSG00000207770,0.138277,30,35
4478,ENSG00000207923,0.126253,0,48
4479,ENSG00000207926,0.136273,0,3
4480,ENSG00000211445,0.458918,167,1
4481,ENSG00000211456,0.128257,21,37
4482,ENSG00000211688,0.112224,0,4
4483,ENSG00000211689,0.140281,0,14
4484,ENSG00000211691,0.280561,0,0
4485,ENSG00000211695,0.12024,0,5
4486,ENSG00000211938,0.118236,0,0
4487,ENSG00000212123,0.260521,46,10
4488,ENSG00000212588,0.450902,71,0
4489,ENSG00000212607,0.184369,3,26
4490,ENSG00000212694,0.382766,84,3
4491,ENSG00000212747,0.128257,0,21
4492,ENSG00000212864,0.194389,35,21
4493,ENSG00000212916,0.288577,29,2
4494,ENSG00000212993,0.206413,0,18
4495,ENSG00000212994,0.134269,0,7
4496,ENSG00000213015,0.226453,59,29
4497,ENSG00000213020,0.186373,40,8
4498,ENSG00000213079,0.138277,35,35
4499,ENSG00000213080,0.190381,8,10
4500,ENSG00000213085,0.122244,0,12
4501,ENSG00000213087,0.174349,6,1
4502,ENSG00000213131,0.152305,23,19
4503,ENSG00000213139,0.148297,3,41
4504,ENSG00000213144,0.296593,41,5
4505,ENSG00000213169,0.222445,27,0
4506,ENSG00000213185,0.280561,7,0
4507,ENSG00000213199,0.200401,12,17
4508,ENSG00000213213,0.118236,0,40
4509,ENSG00000213225,0.182365,0,2
4510,ENSG00000213260,0.232465,45,6
4511,ENSG00000213280,0.138277,4,8
4512,ENSG00000213293,0.152305,0,13
4513,ENSG00000213312,0.196393,10,0
4514,ENSG00000213337,0.168337,17,21
4515,ENSG00000213339,0.390782,114,6
4516,ENSG00000213341,0.132265,9,25
4517,ENSG00000213366,0.210421,8,15
4518,ENSG00000213376,0.166333,0,10
4519,ENSG00000213385,0.196393,13,19
4520,ENSG00000213398,0.216433,18,12
4521,ENSG00000213399,0.202405,5,0
4522,ENSG00000213412,0.378758,2,0
4523,ENSG00000213420,0.328657,31,1
4524,ENSG00000213432,0.190381,24,3
4525,ENSG00000213433,0.146293,15,19
4526,ENSG00000213445,0.118236,1,66
4527,ENSG00000213463,0.234469,27,4
4528,ENSG00000213468,0.180361,1,8
4529,ENSG00000213542,0.208417,8,9
4530,ENSG00000213598,0.198397,13,2
4531,ENSG00000213609,0.348697,52,0
4532,ENSG00000213614,0.156313,0,16
4533,ENSG00000213625,0.114228,7,74
4534,ENSG00000213638,0.236473,6,2
4535,ENSG00000213693,0.346693,35,0
4536,ENSG00000213699,0.12024,0,0
4537,ENSG00000213713,0.124248,24,22
4538,ENSG00000213722,0.202405,21,6
4539,ENSG00000213761,0.218437,6,9
4540,ENSG00000213777,0.324649,42,1
4541,ENSG00000213859,0.170341,2,3
4542,ENSG00000213865,0.186373,17,8
4543,ENSG00000213885,0.122244,19,39
4544,ENSG00000213904,0.158317,19,36
4545,ENSG00000213918,0.378758,63,0
4546,ENSG00000213923,0.234469,14,12
4547,ENSG00000213930,0.188377,11,15
4548,ENSG00000213939,0.122244,4,8
4549,ENSG00000213950,0.184369,11,1
4550,ENSG00000213965,0.158317,0,11
4551,ENSG00000213970,0.206413,16,0
4552,ENSG00000213977,0.402806,68,3
4553,ENSG00000213995,0.170341,0,16
4554,ENSG00000213999,0.216433,22,11
4555,ENSG00000214022,0.350701,24,1
4556,ENSG00000214026,0.396794,51,3
4557,ENSG00000214039,0.186373,1,4
4558,ENSG00000214081,0.12024,0,22
4559,ENSG00000214093,0.146293,4,8
4560,ENSG00000214193,0.182365,1,7
4561,ENSG00000214207,0.204409,17,0
4562,ENSG00000214274,0.184369,5,15
4563,ENSG00000214290,0.294589,7,3
4564,ENSG00000214309,0.288577,52,9
4565,ENSG00000214367,0.178357,3,11
4566,ENSG00000214425,0.146293,0,4
4567,ENSG00000214456,0.400802,10,0
4568,ENSG00000214485,0.122244,3,4
4569,ENSG00000214530,0.116232,2,160
4570,ENSG00000214546,0.178357,2,9
4571,ENSG00000214595,0.174349,2,6
4572,ENSG00000214612,0.220441,19,0
4573,ENSG00000214706,0.226453,7,17
4574,ENSG00000214708,0.148297,1,41
4575,ENSG00000214733,0.400802,95,1
4576,ENSG00000214756,0.130261,1,105
4577,ENSG00000214765,0.292585,29,2
4578,ENSG00000214954,0.162325,0,0
4579,ENSG00000215014,0.198397,0,11
4580,ENSG00000215018,0.136273,0,61
4581,ENSG00000215030,0.252505,16,2
4582,ENSG00000215105,0.136273,15,48
4583,ENSG00000215114,0.132265,2,17
4584,ENSG00000215158,0.146293,0,13
4585,ENSG00000215187,0.124248,1,6
4586,ENSG00000215193,0.174349,0,10
4587,ENSG00000215217,0.364729,26,1
4588,ENSG00000215218,0.210421,8,20
4589,ENSG00000215270,0.136273,0,8
4590,ENSG00000215301,0.136273,23,44
4591,ENSG00000215347,0.244489,12,13
4592,ENSG00000215367,0.216433,0,11
4593,ENSG00000215375,0.51503,123,1
4594,ENSG00000215388,0.292585,24,1
4595,ENSG00000215424,0.214429,14,14
4596,ENSG00000215440,0.146293,7,39
4597,ENSG00000215452,0.272545,12,5
4598,ENSG00000215481,0.290581,19,1
4599,ENSG00000215493,0.240481,34,11
4600,ENSG00000215769,0.186373,9,11
4601,ENSG00000215785,0.230461,1,3
4602,ENSG00000215908,0.212425,5,12
4603,ENSG00000215914,0.262525,0,0
4604,ENSG00000215915,0.334669,22,2
4605,ENSG00000216895,0.288577,2,3
4606,ENSG00000216906,0.218437,0,2
4607,ENSG00000216937,0.448898,64,0
4608,ENSG00000217030,0.216433,0,2
4609,ENSG00000217130,0.144289,6,5
4610,ENSG00000217275,0.154309,1,3
4611,ENSG00000217330,0.272545,1,0
4612,ENSG00000217442,0.158317,0,8
4613,ENSG00000217624,0.262525,45,1
4614,ENSG00000217801,0.274549,11,5
4615,ENSG00000217930,0.170341,24,44
4616,ENSG00000218175,0.12024,6,70
4617,ENSG00000218208,0.126253,6,8
4618,ENSG00000218891,0.194389,35,16
4619,ENSG00000219200,0.184369,0,9
4620,ENSG00000219438,0.138277,0,10
4621,ENSG00000219470,0.134269,7,18
4622,ENSG00000219529,0.224449,1,10
4623,ENSG00000219932,0.300601,30,0
4624,ENSG00000220563,0.360721,13,1
4625,ENSG00000220583,0.172345,4,5
4626,ENSG00000220804,0.204409,6,7
4627,ENSG00000221051,0.152305,0,25
4628,ENSG00000221164,0.132265,0,21
4629,ENSG00000221241,0.178357,0,23
4630,ENSG00000221406,0.140281,1,1
4631,ENSG00000221491,0.152305,0,4
4632,ENSG00000221539,0.276553,45,6
4633,ENSG00000221571,0.144289,0,36
4634,ENSG00000221838,0.318637,60,6
4635,ENSG00000221890,0.150301,0,24
4636,ENSG00000221916,0.164329,3,39
4637,ENSG00000221944,0.262525,33,2
4638,ENSG00000221953,0.232465,4,4
4639,ENSG00000221955,0.204409,0,6
4640,ENSG00000221978,0.162325,14,26
4641,ENSG00000221983,0.244489,78,4
4642,ENSG00000221988,0.124248,0,0
4643,ENSG00000221990,0.128257,2,85
4644,ENSG00000222014,0.212425,0,6
4645,ENSG00000222033,0.186373,1,0
4646,ENSG00000222317,0.240481,1,1
4647,ENSG00000222345,0.108216,0,45
4648,ENSG00000222383,0.178357,0,18
4649,ENSG00000222726,0.134269,0,9
4650,ENSG00000223029,0.154309,0,3
4651,ENSG00000223294,0.196393,0,1
4652,ENSG00000223298,0.222445,15,1
4653,ENSG00000223349,0.128257,2,12
4654,ENSG00000223396,0.150301,0,7
4655,ENSG00000223400,0.583166,85,0
4656,ENSG00000223478,0.124248,0,81
4657,ENSG00000223496,0.136273,0,0
4658,ENSG00000223658,0.198397,4,14
4659,ENSG00000223701,0.358717,1,0
4660,ENSG00000223705,0.392786,62,3
4661,ENSG00000223715,0.178357,0,5
4662,ENSG00000223802,0.184369,1,10
4663,ENSG00000223838,0.348697,4,0
4664,ENSG00000223855,0.260521,10,2
4665,ENSG00000223930,0.116232,0,19
4666,ENSG00000223956,0.236473,5,1
4667,ENSG00000224014,0.11022,0,19
4668,ENSG00000224032,0.11022,1,43
4669,ENSG00000224090,0.12024,0,6
4670,ENSG00000224100,0.280561,30,2
4671,ENSG00000224224,0.11022,0,31
4672,ENSG00000224269,0.344689,0,0
4673,ENSG00000224287,0.268537,2,5
4674,ENSG00000224331,0.152305,0,11
4675,ENSG00000224424,0.280561,1,2
4676,ENSG00000224425,0.194389,0,3
4677,ENSG00000224536,0.172345,1,8
4678,ENSG00000224546,0.256513,4,0
4679,ENSG00000224597,0.144289,0,8
4680,ENSG00000224611,0.202405,0,2
4681,ENSG00000224614,0.184369,1,8
4682,ENSG00000224635,0.356713,4,1
4683,ENSG00000224646,0.322645,23,3
4684,ENSG00000224728,0.284569,38,7
4685,ENSG00000224805,0.306613,23,2
4686,ENSG00000224870,0.390782,54,0
4687,ENSG00000224877,0.396794,59,5
4688,ENSG00000224899,0.182365,0,0
4689,ENSG00000224903,0.268537,5,0
4690,ENSG00000224934,0.162325,6,33
4691,ENSG00000224958,0.142285,5,35
4692,ENSG00000225031,0.202405,5,3
4693,ENSG00000225131,0.142285,1,6
4694,ENSG00000225173,0.242485,1,1
4695,ENSG00000225177,0.306613,96,9
4696,ENSG00000225194,0.234469,11,14
4697,ENSG00000225224,0.224449,15,1
4698,ENSG00000225328,0.130261,0,0
4699,ENSG00000225334,0.184369,0,0
4700,ENSG00000225335,0.260521,3,0
4701,ENSG00000225361,0.270541,14,2
4702,ENSG00000225377,0.45491,16,0
4703,ENSG00000225385,0.198397,1,10
4704,ENSG00000225416,0.204409,14,2
4705,ENSG00000225439,0.258517,30,12
4706,ENSG00000225449,0.150301,0,12
4707,ENSG00000225489,0.324649,4,0
4708,ENSG00000225506,0.304609,5,1
4709,ENSG00000225507,0.212425,1,1
4710,ENSG00000225518,0.154309,0,31
4711,ENSG00000225595,0.222445,0,2
4712,ENSG00000225643,0.226453,8,2
4713,ENSG00000225663,0.11022,19,65
4714,ENSG00000225693,0.174349,1,21
4715,ENSG00000225708,0.104208,0,9
4716,ENSG00000225721,0.240481,4,10
4717,ENSG00000225731,0.168337,0,3
4718,ENSG00000225733,0.280561,40,2
4719,ENSG00000225762,0.306613,29,1
4720,ENSG00000225764,0.132265,0,9
4721,ENSG00000225871,0.448898,98,0
4722,ENSG00000225891,0.162325,0,28
4723,ENSG00000225905,0.140281,0,6
4724,ENSG00000225920,0.214429,6,2
4725,ENSG00000225921,0.124248,0,41
4726,ENSG00000225937,0.326653,2,1
4727,ENSG00000225975,0.180361,0,21
4728,ENSG00000225986,0.188377,11,16
4729,ENSG00000226025,0.126253,1,3
4730,ENSG00000226155,0.136273,0,29
4731,ENSG00000226174,0.214429,16,11
4732,ENSG00000226179,0.174349,14,20
4733,ENSG00000226200,0.182365,1,5
4734,ENSG00000226221,0.12024,0,32
4735,ENSG00000226243,0.142285,9,8
4736,ENSG00000226245,0.152305,0,48
4737,ENSG00000226306,0.539078,88,0
4738,ENSG00000226314,0.166333,0,11
4739,ENSG00000226386,0.130261,0,105
4740,ENSG00000226465,0.180361,0,11
4741,ENSG00000226471,0.180361,22,11
4742,ENSG00000226608,0.150301,3,1
4743,ENSG00000226624,0.148297,4,7
4744,ENSG00000226644,0.330661,37,2
4745,ENSG00000226686,0.232465,0,0
4746,ENSG00000226690,0.170341,0,1
4747,ENSG00000226742,0.234469,20,2
4748,ENSG00000226745,0.11022,0,0
4749,ENSG00000226747,0.194389,0,2
4750,ENSG00000226825,0.224449,1,5
4751,ENSG00000226944,0.194389,0,4
4752,ENSG00000226945,0.136273,3,14
4753,ENSG00000227008,0.102204,0,71
4754,ENSG00000227038,0.152305,1,20
4755,ENSG00000227051,0.182365,6,33
4756,ENSG00000227057,0.206413,32,12
4757,ENSG00000227070,0.172345,1,19
4758,ENSG00000227077,0.104208,2,127
4759,ENSG00000227097,0.182365,13,6
4760,ENSG00000227191,0.218437,0,0
4761,ENSG00000227212,0.212425,3,2
4762,ENSG00000227240,0.276553,0,1
4763,ENSG00000227379,0.278557,10,0
4764,ENSG00000227392,0.589178,222,0
4765,ENSG00000227470,0.154309,2,5
4766,ENSG00000227482,0.256513,27,3
4767,ENSG00000227500,0.130261,0,32
4768,ENSG00000227525,0.216433,39,3
4769,ENSG00000227527,0.290581,59,3
4770,ENSG00000227683,0.176353,0,1
4771,ENSG00000227695,0.324649,0,0
4772,ENSG00000227719,0.216433,14,26
4773,ENSG00000227726,0.162325,0,5
4774,ENSG00000227742,0.154309,0,15
4775,ENSG00000227848,0.128257,0,12
4776,ENSG00000227896,0.350701,67,1
4777,ENSG00000227953,0.138277,0,22
4778,ENSG00000227986,0.152305,1,4
4779,ENSG00000228137,0.246493,5,0
4780,ENSG00000228158,0.172345,0,10
4781,ENSG00000228201,0.270541,31,7
4782,ENSG00000228205,0.216433,19,2
4783,ENSG00000228223,0.579158,94,0
4784,ENSG00000228265,0.152305,8,24
4785,ENSG00000228280,0.130261,0,14
4786,ENSG00000228300,0.248497,48,7
4787,ENSG00000228350,0.338677,74,4
4788,ENSG00000228393,0.300601,65,6
4789,ENSG00000228436,0.324649,4,0
4790,ENSG00000228444,0.224449,2,1
4791,ENSG00000228499,0.178357,1,0
4792,ENSG00000228506,0.148297,2,14
4793,ENSG00000228544,0.252505,21,2
4794,ENSG00000228569,0.204409,1,2
4795,ENSG00000228594,0.176353,1,28
4796,ENSG00000228606,0.322645,2,2
4797,ENSG00000228613,0.198397,3,2
4798,ENSG00000228653,0.150301,0,13
4799,ENSG00000228700,0.206413,0,7
4800,ENSG00000228723,0.214429,4,0
4801,ENSG00000228727,0.240481,29,27
4802,ENSG00000228782,0.154309,0,19
4803,ENSG00000228794,0.202405,0,5
4804,ENSG00000228798,0.186373,2,1
4805,ENSG00000228801,0.128257,1,17
4806,ENSG00000228933,0.294589,3,0
4807,ENSG00000228952,0.164329,1,2
4808,ENSG00000228962,0.476954,69,0
4809,ENSG00000228989,0.314629,106,2
4810,ENSG00000229151,0.330661,43,1
4811,ENSG00000229152,0.104208,0,48
4812,ENSG00000229180,0.134269,0,43
4813,ENSG00000229204,0.170341,5,2
4814,ENSG00000229320,0.130261,3,35
4815,ENSG00000229332,0.326653,4,0
4816,ENSG00000229348,0.324649,98,12
4817,ENSG00000229388,0.232465,2,2
4818,ENSG00000229395,0.236473,0,0
4819,ENSG00000229403,0.130261,0,21
4820,ENSG00000229431,0.270541,45,5
4821,ENSG00000229481,0.228457,9,11
4822,ENSG00000229567,0.234469,2,0
4823,ENSG00000229611,0.272545,0,0
4824,ENSG00000229637,0.172345,3,12
4825,ENSG00000229659,0.166333,0,5
4826,ENSG00000229780,0.188377,4,9
4827,ENSG00000229806,0.116232,10,109
4828,ENSG00000229809,0.150301,26,41
4829,ENSG00000229833,0.160321,42,29
4830,ENSG00000229836,0.188377,0,7
4831,ENSG00000229869,0.156313,0,30
4832,ENSG00000229891,0.166333,9,28
4833,ENSG00000229896,0.198397,0,9
4834,ENSG00000230054,0.170341,0,19
4835,ENSG00000230074,0.128257,0,5
4836,ENSG00000230082,0.480962,48,0
4837,ENSG00000230107,0.190381,1,10
4838,ENSG00000230165,0.226453,0,0
4839,ENSG00000230199,0.160321,3,1
4840,ENSG00000230291,0.242485,14,0
4841,ENSG00000230295,0.230461,15,8
4842,ENSG00000230316,0.442886,37,0
4843,ENSG00000230409,0.142285,28,15
4844,ENSG00000230454,0.172345,9,52
4845,ENSG00000230565,0.284569,39,9
4846,ENSG00000230638,0.204409,0,4
4847,ENSG00000230679,0.152305,2,26
4848,ENSG00000230734,0.202405,16,2
4849,ENSG00000230798,0.246493,6,1
4850,ENSG00000230882,0.270541,1,3
4851,ENSG00000230896,0.176353,6,7
4852,ENSG00000230897,0.136273,3,7
4853,ENSG00000230945,0.114228,0,6
4854,ENSG00000231007,0.322645,31,3
4855,ENSG00000231050,0.118236,0,35
4856,ENSG00000231081,0.238477,1,5
4857,ENSG00000231154,0.190381,14,14
4858,ENSG00000231240,0.114228,0,9
4859,ENSG00000231255,0.194389,0,6
4860,ENSG00000231305,0.176353,0,23
4861,ENSG00000231312,0.130261,0,1
4862,ENSG00000231324,0.294589,3,3
4863,ENSG00000231359,0.168337,1,18
4864,ENSG00000231365,0.322645,41,2
4865,ENSG00000231402,0.212425,1,4
4866,ENSG00000231480,0.168337,0,1
4867,ENSG00000231483,0.194389,1,1
4868,ENSG00000231530,0.354709,39,0
4869,ENSG00000231587,0.148297,16,13
4870,ENSG00000231609,0.158317,2,13
4871,ENSG00000231651,0.276553,42,4
4872,ENSG00000231663,0.196393,9,16
4873,ENSG00000231711,0.242485,8,12
4874,ENSG00000231738,0.368737,16,0
4875,ENSG00000231742,0.276553,8,3
4876,ENSG00000231768,0.294589,0,3
4877,ENSG00000231789,0.248497,1,11
4878,ENSG00000231793,0.260521,8,2
4879,ENSG00000231806,0.541082,123,0
4880,ENSG00000231808,0.124248,0,3
4881,ENSG00000231851,0.260521,19,5
4882,ENSG00000231991,0.166333,2,29
4883,ENSG00000232021,0.326653,5,0
4884,ENSG00000232024,0.166333,27,8
4885,ENSG00000232077,0.320641,2,0
4886,ENSG00000232093,0.154309,0,23
4887,ENSG00000232098,0.146293,0,31
4888,ENSG00000232104,0.132265,0,6
4889,ENSG00000232109,0.156313,0,7
4890,ENSG00000232119,0.156313,20,16
4891,ENSG00000232346,0.226453,20,0
4892,ENSG00000232354,0.164329,7,22
4893,ENSG00000232412,0.192385,25,8
4894,ENSG00000232415,0.208417,0,5
4895,ENSG00000232434,0.106212,0,37
4896,ENSG00000232442,0.44489,100,2
4897,ENSG00000232445,0.172345,0,1
4898,ENSG00000232485,0.228457,7,4
4899,ENSG00000232559,0.130261,19,39
4900,ENSG00000232560,0.212425,0,2
4901,ENSG00000232600,0.376754,40,0
4902,ENSG00000232645,0.248497,12,9
4903,ENSG00000232677,0.152305,0,35
4904,ENSG00000232806,0.254509,1,6
4905,ENSG00000232807,0.238477,0,0
4906,ENSG00000232874,0.184369,5,21
4907,ENSG00000232883,0.288577,10,0
4908,ENSG00000232888,0.106212,0,36
4909,ENSG00000232909,0.180361,0,14
4910,ENSG00000232926,0.222445,0,13
4911,ENSG00000232931,0.192385,13,11
4912,ENSG00000232940,0.226453,1,12
4913,ENSG00000232956,0.184369,21,21
4914,ENSG00000233016,0.162325,2,16
4915,ENSG00000233031,0.130261,0,13
4916,ENSG00000233041,0.142285,0,26
4917,ENSG00000233122,0.294589,35,6
4918,ENSG00000233198,0.178357,1,34
4919,ENSG00000233215,0.142285,0,1
4920,ENSG00000233223,0.230461,43,13
4921,ENSG00000233254,0.172345,4,8
4922,ENSG00000233270,0.286573,22,0
4923,ENSG00000233337,0.136273,0,0
4924,ENSG00000233369,0.140281,23,15
4925,ENSG00000233438,0.206413,4,6
4926,ENSG00000233476,0.150301,0,2
4927,ENSG00000233483,0.314629,41,1
4928,ENSG00000233487,0.138277,0,36
4929,ENSG00000233493,0.52505,51,0
4930,ENSG00000233515,0.182365,1,1
4931,ENSG00000233516,0.106212,0,8
4932,ENSG00000233547,0.122244,0,67
4933,ENSG00000233554,0.178357,0,5
4934,ENSG00000233558,0.160321,3,24
4935,ENSG00000233577,0.388778,0,0
4936,ENSG00000233590,0.294589,0,1
4937,ENSG00000233609,0.206413,0,5
4938,ENSG00000233621,0.102204,0,72
4939,ENSG00000233668,0.238477,15,0
4940,ENSG00000233799,0.214429,8,11
4941,ENSG00000233864,0.136273,0,18
4942,ENSG00000233878,0.242485,4,0
4943,ENSG00000233885,0.262525,29,2
4944,ENSG00000233893,0.162325,0,0
4945,ENSG00000233901,0.202405,9,18
4946,ENSG00000233903,0.302605,29,1
4947,ENSG00000233913,0.136273,0,2
4948,ENSG00000233927,0.312625,52,9
4949,ENSG00000233954,0.396794,97,0
4950,ENSG00000234072,0.194389,6,17
4951,ENSG00000234084,0.124248,0,27
4952,ENSG00000234118,0.168337,10,2
4953,ENSG00000234176,0.162325,0,0
4954,ENSG00000234182,0.160321,0,5
4955,ENSG00000234183,0.198397,6,9
4956,ENSG00000234444,0.200401,3,0
4957,ENSG00000234450,0.432866,12,0
4958,ENSG00000234456,0.320641,57,15
4959,ENSG00000234465,0.362725,69,4
4960,ENSG00000234493,0.294589,0,1
4961,ENSG00000234589,0.250501,28,0
4962,ENSG00000234618,0.390782,81,1
4963,ENSG00000234630,0.130261,1,23
4964,ENSG00000234664,0.190381,0,1
4965,ENSG00000234692,0.190381,1,3
4966,ENSG00000234694,0.146293,0,59
4967,ENSG00000234715,0.314629,30,2
4968,ENSG00000234742,0.374749,11,0
4969,ENSG00000234769,0.170341,25,14
4970,ENSG00000234772,0.244489,7,8
4971,ENSG00000234773,0.168337,3,10
4972,ENSG00000234912,0.472946,113,0
4973,ENSG00000234917,0.160321,2,53
4974,ENSG00000234918,0.342685,1,0
4975,ENSG00000234936,0.234469,31,7
4976,ENSG00000234965,0.374749,35,0
4977,ENSG00000235010,0.310621,2,0
4978,ENSG00000235023,0.160321,1,25
4979,ENSG00000235029,0.116232,0,60
4980,ENSG00000235034,0.232465,0,4
4981,ENSG00000235065,0.12024,21,63
4982,ENSG00000235091,0.322645,2,0
4983,ENSG00000235098,0.432866,70,2
4984,ENSG00000235140,0.134269,0,27
4985,ENSG00000235169,0.134269,11,105
4986,ENSG00000235173,0.184369,9,17
4987,ENSG00000235192,0.200401,0,12
4988,ENSG00000235194,0.182365,6,11
4989,ENSG00000235217,0.140281,0,48
4990,ENSG00000235225,0.132265,4,13
4991,ENSG00000235301,0.194389,5,10
4992,ENSG00000235330,0.228457,1,1
4993,ENSG00000235349,0.350701,17,1
4994,ENSG00000235354,0.242485,0,0
4995,ENSG00000235374,0.190381,0,11
4996,ENSG00000235408,0.234469,6,7
4997,ENSG00000235499,0.130261,3,28
4998,ENSG00000235501,0.192385,9,16
4999,ENSG00000235618,0.366733,20,0
5000,ENSG00000235687,0.224449,2,0
5001,ENSG00000235688,0.182365,0,44
5002,ENSG00000235706,0.300601,83,6
5003,ENSG00000235776,0.178357,20,4
5004,ENSG00000235802,0.164329,0,4
5005,ENSG00000235819,0.108216,0,16
5006,ENSG00000235823,0.104208,0,12
5007,ENSG00000235904,0.374749,48,5
5008,ENSG00000235908,0.216433,1,4
5009,ENSG00000235939,0.106212,0,20
5010,ENSG00000235961,0.162325,0,5
5011,ENSG00000235984,0.162325,1,2
5012,ENSG00000236015,0.356713,51,2
5013,ENSG00000236058,0.122244,31,34
5014,ENSG00000236060,0.230461,1,7
5015,ENSG00000236081,0.116232,0,38
5016,ENSG00000236088,0.162325,0,10
5017,ENSG00000236140,0.188377,5,11
5018,ENSG00000236144,0.228457,17,7
5019,ENSG00000236190,0.170341,0,4
5020,ENSG00000236200,0.186373,6,15
5021,ENSG00000236255,0.336673,31,0
5022,ENSG00000236305,0.214429,13,31
5023,ENSG00000236423,0.256513,1,4
5024,ENSG00000236536,0.282565,2,0
5025,ENSG00000236552,0.156313,6,3
5026,ENSG00000236682,0.158317,0,0
5027,ENSG00000236699,0.138277,0,30
5028,ENSG00000236708,0.136273,0,11
5029,ENSG00000236735,0.138277,4,6
5030,ENSG00000236762,0.220441,11,0
5031,ENSG00000236768,0.240481,4,1
5032,ENSG00000236801,0.124248,17,49
5033,ENSG00000236992,0.150301,3,5
5034,ENSG00000237015,0.354709,58,3
5035,ENSG00000237032,0.374749,15,1
5036,ENSG00000237036,0.174349,0,19
5037,ENSG00000237073,0.184369,2,4
5038,ENSG00000237080,0.106212,0,51
5039,ENSG00000237082,0.164329,0,9
5040,ENSG00000237101,0.242485,17,9
5041,ENSG00000237172,0.354709,63,5
5042,ENSG00000237190,0.118236,0,128
5043,ENSG00000237214,0.122244,16,14
5044,ENSG00000237372,0.180361,3,13
5045,ENSG00000237425,0.258517,0,0
5046,ENSG00000237429,0.162325,0,27
5047,ENSG00000237441,0.322645,43,4
5048,ENSG00000237476,0.302605,19,2
5049,ENSG00000237517,0.232465,1,3
5050,ENSG00000237550,0.130261,3,29
5051,ENSG00000237614,0.360721,1,0
5052,ENSG00000237670,0.202405,2,5
5053,ENSG00000237774,0.174349,10,3
5054,ENSG00000237840,0.282565,1,0
5055,ENSG00000237978,0.170341,0,0
5056,ENSG00000238058,0.142285,0,33
5057,ENSG00000238085,0.124248,10,10
5058,ENSG00000238117,0.146293,0,5
5059,ENSG00000238123,0.196393,2,8
5060,ENSG00000238142,0.188377,0,21
5061,ENSG00000238164,0.122244,0,34
5062,ENSG00000238227,0.51503,150,0
5063,ENSG00000238260,0.364729,68,2
5064,ENSG00000238287,0.292585,11,1
5065,ENSG00000238405,0.136273,0,7
5066,ENSG00000238417,0.104208,0,0
5067,ENSG00000238870,0.166333,0,0
5068,ENSG00000239093,0.134269,0,3
5069,ENSG00000239122,0.180361,3,26
5070,ENSG00000239213,0.124248,0,9
5071,ENSG00000239253,0.370741,3,3
5072,ENSG00000239264,0.134269,0,21
5073,ENSG00000239377,0.280561,6,0
5074,ENSG00000239402,0.122244,1,4
5075,ENSG00000239467,0.258517,1,0
5076,ENSG00000239494,0.184369,0,7
5077,ENSG00000239513,0.262525,1,1
5078,ENSG00000239523,0.224449,24,12
5079,ENSG00000239553,0.230461,0,3
5080,ENSG00000239559,0.240481,16,0
5081,ENSG00000239614,0.124248,0,18
5082,ENSG00000239617,0.150301,0,33
5083,ENSG00000239672,0.196393,38,10
5084,ENSG00000239697,0.270541,38,3
5085,ENSG00000239774,0.174349,0,3
5086,ENSG00000239779,0.196393,2,18
5087,ENSG00000239857,0.178357,0,10
5088,ENSG00000239881,0.146293,0,43
5089,ENSG00000239911,0.138277,0,45
5090,ENSG00000239969,0.168337,2,22
5091,ENSG00000240207,0.386774,59,3
5092,ENSG00000240211,0.296593,60,3
5093,ENSG00000240219,0.156313,2,25
5094,ENSG00000240230,0.12024,0,93
5095,ENSG00000240253,0.156313,4,1
5096,ENSG00000240291,0.172345,2,20
5097,ENSG00000240342,0.164329,1,24
5098,ENSG00000240376,0.150301,6,9
5099,ENSG00000240399,0.260521,26,4
5100,ENSG00000240449,0.206413,0,7
5101,ENSG00000240509,0.116232,3,59
5102,ENSG00000240520,0.218437,1,16
5103,ENSG00000240616,0.170341,3,1
5104,ENSG00000240731,0.128257,0,40
5105,ENSG00000240800,0.224449,2,2
5106,ENSG00000240857,0.168337,0,0
5107,ENSG00000240859,0.216433,0,3
5108,ENSG00000240877,0.340681,139,5
5109,ENSG00000240972,0.160321,6,27
5110,ENSG00000240990,0.330661,17,1
5111,ENSG00000240996,0.202405,0,1
5112,ENSG00000241003,0.188377,1,12
5113,ENSG00000241170,0.180361,7,11
5114,ENSG00000241255,0.144289,3,4
5115,ENSG00000241343,0.238477,45,4
5116,ENSG00000241352,0.128257,3,6
5117,ENSG00000241370,0.252505,68,23
5118,ENSG00000241388,0.126253,2,9
5119,ENSG00000241418,0.178357,0,1
5120,ENSG00000241431,0.284569,84,1
5121,ENSG00000241464,0.148297,3,14
5122,ENSG00000241549,0.342685,67,1
5123,ENSG00000241553,0.124248,19,16
5124,ENSG00000241746,0.152305,14,11
5125,ENSG00000241788,0.328657,10,0
5126,ENSG00000241956,0.128257,0,6
5127,ENSG00000241990,0.370741,103,2
5128,ENSG00000242021,0.200401,0,2
5129,ENSG00000242078,0.220441,1,9
5130,ENSG00000242085,0.252505,0,0
5131,ENSG00000242110,0.270541,2,3
5132,ENSG00000242193,0.150301,0,3
5133,ENSG00000242247,0.208417,2,3
5134,ENSG00000242265,0.288577,16,7
5135,ENSG00000242294,0.236473,39,5
5136,ENSG00000242299,0.146293,6,9
5137,ENSG00000242307,0.198397,0,0
5138,ENSG00000242349,0.220441,4,12
5139,ENSG00000242396,0.200401,0,6
5140,ENSG00000242407,0.104208,0,24
5141,ENSG00000242445,0.148297,5,11
5142,ENSG00000242485,0.188377,31,31
5143,ENSG00000242531,0.178357,1,6
5144,ENSG00000242574,0.132265,0,10
5145,ENSG00000242612,0.302605,47,1
5146,ENSG00000242650,0.244489,6,3
5147,ENSG00000242687,0.146293,0,0
5148,ENSG00000242732,0.266533,37,13
5149,ENSG00000242781,0.176353,0,0
5150,ENSG00000242802,0.274549,35,1
5151,ENSG00000242858,0.188377,14,0
5152,ENSG00000242951,0.126253,2,15
5153,ENSG00000243069,0.146293,0,6
5154,ENSG00000243141,0.254509,0,11
5155,ENSG00000243199,0.330661,30,1
5156,ENSG00000243289,0.214429,1,8
5157,ENSG00000243364,0.172345,6,19
5158,ENSG00000243403,0.126253,1,7
5159,ENSG00000243406,0.260521,9,2
5160,ENSG00000243431,0.178357,0,5
5161,ENSG00000243449,0.362725,83,0
5162,ENSG00000243479,0.182365,1,6
5163,ENSG00000243517,0.152305,11,6
5164,ENSG00000243537,0.200401,0,0
5165,ENSG00000243554,0.200401,3,14
5166,ENSG00000243742,0.118236,0,5
5167,ENSG00000243749,0.168337,3,19
5168,ENSG00000243811,0.228457,12,13
5169,ENSG00000243829,0.118236,6,95
5170,ENSG00000243902,0.338677,4,0
5171,ENSG00000243927,0.206413,1,3
5172,ENSG00000243964,0.138277,5,6
5173,ENSG00000243989,0.374749,56,4
5174,ENSG00000244005,0.226453,2,8
5175,ENSG00000244151,0.338677,73,3
5176,ENSG00000244165,0.382766,64,2
5177,ENSG00000244274,0.234469,21,10
5178,ENSG00000244363,0.108216,0,54
5179,ENSG00000244441,0.138277,0,2
5180,ENSG00000244459,0.318637,25,0
5181,ENSG00000244486,0.126253,1,0
5182,ENSG00000244509,0.160321,10,39
5183,ENSG00000244627,0.166333,1,20
5184,ENSG00000244687,0.288577,25,0
5185,ENSG00000244701,0.348697,84,0
5186,ENSG00000244754,0.166333,0,3
5187,ENSG00000244756,0.208417,0,0
5188,ENSG00000244879,0.194389,2,18
5189,ENSG00000244932,0.156313,4,32
5190,ENSG00000244968,0.180361,0,0
5191,ENSG00000245146,0.154309,0,19
5192,ENSG00000245149,0.342685,83,1
5193,ENSG00000245156,0.358717,39,0
5194,ENSG00000245317,0.224449,4,2
5195,ENSG00000245571,0.222445,4,7
5196,ENSG00000245614,0.322645,42,0
5197,ENSG00000245680,0.134269,23,36
5198,ENSG00000245694,0.316633,33,1
5199,ENSG00000245750,0.160321,0,12
5200,ENSG00000245888,0.198397,10,19
5201,ENSG00000245910,0.106212,0,62
5202,ENSG00000245958,0.178357,8,7
5203,ENSG00000245970,0.160321,10,36
5204,ENSG00000245975,0.192385,1,16
5205,ENSG00000246228,0.280561,6,1
5206,ENSG00000246263,0.184369,4,7
5207,ENSG00000246528,0.144289,0,8
5208,ENSG00000246705,0.246493,35,8
5209,ENSG00000246763,0.238477,0,5
5210,ENSG00000246898,0.198397,4,2
5211,ENSG00000246982,0.200401,3,10
5212,ENSG00000247092,0.406814,111,2
5213,ENSG00000247137,0.262525,28,6
5214,ENSG00000247157,0.178357,0,16
5215,ENSG00000247498,0.130261,0,4
5216,ENSG00000247516,0.256513,0,3
5217,ENSG00000247556,0.170341,24,14
5218,ENSG00000247595,0.402806,134,2
5219,ENSG00000247828,0.330661,59,3
5220,ENSG00000248008,0.108216,0,10
5221,ENSG00000248019,0.254509,17,4
5222,ENSG00000248092,0.262525,14,6
5223,ENSG00000248138,0.172345,1,1
5224,ENSG00000248144,0.128257,0,35
5225,ENSG00000248279,0.310621,8,0
5226,ENSG00000248367,0.112224,2,89
5227,ENSG00000248429,0.180361,1,7
5228,ENSG00000248485,0.254509,15,13
5229,ENSG00000248489,0.140281,0,30
5230,ENSG00000248663,0.158317,0,2
5231,ENSG00000248714,0.214429,23,2
5232,ENSG00000248787,0.134269,0,7
5233,ENSG00000248801,0.152305,0,17
5234,ENSG00000248822,0.268537,0,1
5235,ENSG00000248866,0.124248,5,133
5236,ENSG00000248927,0.152305,0,6
5237,ENSG00000249042,0.144289,0,9
5238,ENSG00000249087,0.12024,0,17
5239,ENSG00000249116,0.352705,48,1
5240,ENSG00000249267,0.412826,24,0
5241,ENSG00000249307,0.148297,0,28
5242,ENSG00000249352,0.458918,10,1
5243,ENSG00000249574,0.136273,0,22
5244,ENSG00000249592,0.162325,1,13
5245,ENSG00000249626,0.220441,4,6
5246,ENSG00000249637,0.136273,0,45
5247,ENSG00000249650,0.194389,1,14
5248,ENSG00000249855,0.158317,1,1
5249,ENSG00000249859,0.408818,82,1
5250,ENSG00000249885,0.338677,7,0
5251,ENSG00000249915,0.260521,27,7
5252,ENSG00000250056,0.364729,70,6
5253,ENSG00000250067,0.196393,25,18
5254,ENSG00000250068,0.204409,0,2
5255,ENSG00000250120,0.148297,0,0
5256,ENSG00000250220,0.138277,0,21
5257,ENSG00000250222,0.318637,92,12
5258,ENSG00000250230,0.106212,0,28
5259,ENSG00000250237,0.521042,19,0
5260,ENSG00000250423,0.39479,78,0
5261,ENSG00000250479,0.250501,6,0
5262,ENSG00000250522,0.368737,96,3
5263,ENSG00000250571,0.250501,48,10
5264,ENSG00000250590,0.274549,1,0
5265,ENSG00000250620,0.270541,0,0
5266,ENSG00000250740,0.308617,12,1
5267,ENSG00000250742,0.178357,0,4
5268,ENSG00000250753,0.130261,0,26
5269,ENSG00000250767,0.430862,3,0
5270,ENSG00000250786,0.260521,26,12
5271,ENSG00000250893,0.164329,1,11
5272,ENSG00000250909,0.224449,11,6
5273,ENSG00000250914,0.208417,0,2
5274,ENSG00000250917,0.160321,0,7
5275,ENSG00000250922,0.220441,0,1
5276,ENSG00000250948,0.206413,10,9
5277,ENSG00000250959,0.248497,15,10
5278,ENSG00000250999,0.308617,1,0
5279,ENSG00000251000,0.148297,0,2
5280,ENSG00000251015,0.108216,0,6
5281,ENSG00000251136,0.160321,1,18
5282,ENSG00000251188,0.148297,0,21
5283,ENSG00000251211,0.198397,23,8
5284,ENSG00000251417,0.170341,0,8
5285,ENSG00000251429,0.290581,6,0
5286,ENSG00000251447,0.150301,0,12
5287,ENSG00000251474,0.184369,20,12
5288,ENSG00000251532,0.160321,0,12
5289,ENSG00000251602,0.174349,0,8
5290,ENSG00000251603,0.178357,11,6
5291,ENSG00000251611,0.144289,0,11
5292,ENSG00000251652,0.218437,1,5
5293,ENSG00000251675,0.160321,0,5
5294,ENSG00000251803,0.202405,1,2
5295,ENSG00000251987,0.124248,0,3
5296,ENSG00000252070,0.12024,0,0
5297,ENSG00000252335,0.192385,0,7
5298,ENSG00000252412,0.134269,0,7
5299,ENSG00000252461,0.114228,0,43
5300,ENSG00000252481,0.298597,17,2
5301,ENSG00000252503,0.124248,9,24
5302,ENSG00000252539,0.180361,0,2
5303,ENSG00000252542,0.224449,0,8
5304,ENSG00000252580,0.144289,0,5
5305,ENSG00000252614,0.134269,0,5
5306,ENSG00000252621,0.162325,0,2
5307,ENSG00000252641,0.176353,0,9
5308,ENSG00000252690,0.310621,38,8
5309,ENSG00000252743,0.300601,23,8
5310,ENSG00000253187,0.40481,5,0
5311,ENSG00000253210,0.150301,0,14
5312,ENSG00000253250,0.380762,128,9
5313,ENSG00000253308,0.114228,0,22
5314,ENSG00000253326,0.172345,0,5
5315,ENSG00000253328,0.320641,36,1
5316,ENSG00000253395,0.180361,0,10
5317,ENSG00000253400,0.248497,4,1
5318,ENSG00000253404,0.166333,0,6
5319,ENSG00000253438,0.318637,2,0
5320,ENSG00000253485,0.172345,2,1
5321,ENSG00000253537,0.192385,0,5
5322,ENSG00000253598,0.41483,22,0
5323,ENSG00000253620,0.204409,0,6
5324,ENSG00000253693,0.168337,1,5
5325,ENSG00000253716,0.304609,51,7
5326,ENSG00000253729,0.134269,9,22
5327,ENSG00000253731,0.132265,0,11
5328,ENSG00000253797,0.134269,23,35
5329,ENSG00000253853,0.146293,0,1
5330,ENSG00000253865,0.204409,3,9
5331,ENSG00000253910,0.150301,0,7
5332,ENSG00000253929,0.348697,5,0
5333,ENSG00000254024,0.146293,0,16
5334,ENSG00000254027,0.210421,1,3
5335,ENSG00000254109,0.248497,6,7
5336,ENSG00000254126,0.122244,0,6
5337,ENSG00000254127,0.192385,0,0
5338,ENSG00000254162,0.242485,23,5
5339,ENSG00000254198,0.114228,14,56
5340,ENSG00000254208,0.306613,5,0
5341,ENSG00000254221,0.254509,6,4
5342,ENSG00000254261,0.180361,1,8
5343,ENSG00000254286,0.166333,0,17
5344,ENSG00000254314,0.184369,4,18
5345,ENSG00000254319,0.192385,1,0
5346,ENSG00000254332,0.172345,11,20
5347,ENSG00000254343,0.128257,0,9
5348,ENSG00000254389,0.48497,71,0
5349,ENSG00000254399,0.140281,0,25
5350,ENSG00000254413,0.252505,33,7
5351,ENSG00000254454,0.214429,0,0
5352,ENSG00000254459,0.190381,1,19
5353,ENSG00000254480,0.152305,0,22
5354,ENSG00000254507,0.370741,20,0
5355,ENSG00000254531,0.118236,0,77
5356,ENSG00000254548,0.154309,0,31
5357,ENSG00000254550,0.292585,5,1
5358,ENSG00000254612,0.290581,96,0
5359,ENSG00000254615,0.312625,34,6
5360,ENSG00000254682,0.224449,0,8
5361,ENSG00000254689,0.170341,0,17
5362,ENSG00000254717,0.260521,1,0
5363,ENSG00000254726,0.128257,0,41
5364,ENSG00000254812,0.178357,0,17
5365,ENSG00000254815,0.176353,11,16
5366,ENSG00000254854,0.222445,4,6
5367,ENSG00000254876,0.186373,3,15
5368,ENSG00000254901,0.168337,14,15
5369,ENSG00000254973,0.140281,4,33
5370,ENSG00000254978,0.246493,0,0
5371,ENSG00000254988,0.206413,1,5
5372,ENSG00000255051,0.11022,0,5
5373,ENSG00000255085,0.290581,12,2
5374,ENSG00000255108,0.184369,0,17
5375,ENSG00000255112,0.180361,18,1
5376,ENSG00000255135,0.264529,84,8
5377,ENSG00000255151,0.232465,1,3
5378,ENSG00000255182,0.244489,32,9
5379,ENSG00000255198,0.210421,56,24
5380,ENSG00000255224,0.176353,7,20
5381,ENSG00000255240,0.200401,1,6
5382,ENSG00000255284,0.164329,20,39
5383,ENSG00000255306,0.390782,128,0
5384,ENSG00000255318,0.184369,0,1
5385,ENSG00000255320,0.116232,0,0
5386,ENSG00000255337,0.134269,0,44
5387,ENSG00000255348,0.144289,1,5
5388,ENSG00000255408,0.122244,0,4
5389,ENSG00000255435,0.234469,6,20
5390,ENSG00000255545,0.344689,11,0
5391,ENSG00000255559,0.232465,4,4
5392,ENSG00000255650,0.170341,0,18
5393,ENSG00000255857,0.134269,2,54
5394,ENSG00000256043,0.126253,0,6
5395,ENSG00000256053,0.11022,14,83
5396,ENSG00000256166,0.334669,2,0
5397,ENSG00000256235,0.164329,0,18
5398,ENSG00000256269,0.204409,25,22
5399,ENSG00000256276,0.252505,1,5
5400,ENSG00000256393,0.11022,10,101
5401,ENSG00000256433,0.134269,0,53
5402,ENSG00000256525,0.200401,9,4
5403,ENSG00000256683,0.12024,0,20
5404,ENSG00000256725,0.164329,0,5
5405,ENSG00000256745,0.140281,1,1
5406,ENSG00000256751,0.298597,65,10
5407,ENSG00000257002,0.284569,38,4
5408,ENSG00000257074,0.236473,4,0
5409,ENSG00000257084,0.288577,52,12
5410,ENSG00000257086,0.246493,17,12
5411,ENSG00000257093,0.158317,9,1
5412,ENSG00000257252,0.240481,1,0
5413,ENSG00000257270,0.108216,0,63
5414,ENSG00000257322,0.184369,0,7
5415,ENSG00000257337,0.198397,0,11
5416,ENSG00000257434,0.182365,1,2
5417,ENSG00000257509,0.168337,5,17
5418,ENSG00000257523,0.150301,1,11
5419,ENSG00000257542,0.156313,0,1
5420,ENSG00000257550,0.386774,12,0
5421,ENSG00000257582,0.561122,22,1
5422,ENSG00000257595,0.168337,7,8
5423,ENSG00000257605,0.170341,3,28
5424,ENSG00000257681,0.234469,7,1
5425,ENSG00000257702,0.156313,0,0
5426,ENSG00000257704,0.102204,2,130
5427,ENSG00000257727,0.116232,17,79
5428,ENSG00000258028,0.136273,0,7
5429,ENSG00000258056,0.184369,0,1
5430,ENSG00000258099,0.118236,0,20
5431,ENSG00000258102,0.296593,2,2
5432,ENSG00000258171,0.198397,1,0
5433,ENSG00000258249,0.226453,0,1
5434,ENSG00000258297,0.288577,14,0
5435,ENSG00000258314,0.396794,3,0
5436,ENSG00000258325,0.140281,3,25
5437,ENSG00000258365,0.320641,39,3
5438,ENSG00000258378,0.208417,0,4
5439,ENSG00000258414,0.160321,0,11
5440,ENSG00000258446,0.312625,22,1
5441,ENSG00000258450,0.176353,0,18
5442,ENSG00000258484,0.144289,0,8
5443,ENSG00000258527,0.248497,0,0
5444,ENSG00000258590,0.152305,0,5
5445,ENSG00000258645,0.184369,0,1
5446,ENSG00000258647,0.184369,3,17
5447,ENSG00000258670,0.368737,1,0
5448,ENSG00000258674,0.216433,35,13
5449,ENSG00000258712,0.128257,0,14
5450,ENSG00000258727,0.210421,26,22
5451,ENSG00000258735,0.208417,0,7
5452,ENSG00000258741,0.106212,0,12
5453,ENSG00000258752,0.162325,7,3
5454,ENSG00000258789,0.244489,2,0
5455,ENSG00000258818,0.242485,18,3
5456,ENSG00000258839,0.172345,2,16
5457,ENSG00000258883,0.176353,1,1
5458,ENSG00000258920,0.194389,26,12
5459,ENSG00000259015,0.222445,21,12
5460,ENSG00000259017,0.12024,0,0
5461,ENSG00000259038,0.220441,0,7
5462,ENSG00000259116,0.180361,0,9
5463,ENSG00000259248,0.268537,9,1
5464,ENSG00000259287,0.252505,1,2
5465,ENSG00000259305,0.192385,24,14
5466,ENSG00000259309,0.292585,0,3
5467,ENSG00000259321,0.276553,43,2
5468,ENSG00000259342,0.112224,0,3
5469,ENSG00000259343,0.182365,0,7
5470,ENSG00000259354,0.298597,3,1
5471,ENSG00000259376,0.132265,0,70
5472,ENSG00000259408,0.318637,23,2
5473,ENSG00000259431,0.290581,3,1
5474,ENSG00000259448,0.210421,0,10
5475,ENSG00000259456,0.176353,0,8
5476,ENSG00000259471,0.228457,0,1
5477,ENSG00000259523,0.188377,0,12
5478,ENSG00000259561,0.148297,0,16
5479,ENSG00000259605,0.278557,44,11
5480,ENSG00000259641,0.47495,50,0
5481,ENSG00000259668,0.242485,18,4
5482,ENSG00000259673,0.284569,6,2
5483,ENSG00000259703,0.390782,31,0
5484,ENSG00000259721,0.242485,8,1
5485,ENSG00000259781,0.154309,0,5
5486,ENSG00000259840,0.132265,0,49
5487,ENSG00000259891,0.234469,22,4
5488,ENSG00000259956,0.410822,86,0
5489,ENSG00000259985,0.122244,0,33
5490,ENSG00000260018,0.134269,3,48
5491,ENSG00000260025,0.220441,2,18
5492,ENSG00000260081,0.166333,25,28
5493,ENSG00000260086,0.160321,0,6
5494,ENSG00000260095,0.236473,31,15
5495,ENSG00000260121,0.240481,8,8
5496,ENSG00000260136,0.114228,1,112
5497,ENSG00000260167,0.324649,30,0
5498,ENSG00000260213,0.112224,0,5
5499,ENSG00000260228,0.310621,4,0
5500,ENSG00000260233,0.206413,9,22
5501,ENSG00000260259,0.280561,15,3
5502,ENSG00000260260,0.198397,21,13
5503,ENSG00000260261,0.156313,9,39
5504,ENSG00000260276,0.238477,3,5
5505,ENSG00000260317,0.252505,5,4
5506,ENSG00000260337,0.158317,1,39
5507,ENSG00000260361,0.272545,26,4
5508,ENSG00000260394,0.312625,20,2
5509,ENSG00000260404,0.170341,30,3
5510,ENSG00000260409,0.196393,0,4
5511,ENSG00000260430,0.130261,0,16
5512,ENSG00000260456,0.272545,14,1
5513,ENSG00000260563,0.138277,0,27
5514,ENSG00000260565,0.176353,8,16
5515,ENSG00000260589,0.342685,50,2
5516,ENSG00000260592,0.196393,0,6
5517,ENSG00000260593,0.252505,28,7
5518,ENSG00000260658,0.118236,0,1
5519,ENSG00000260743,0.280561,0,0
5520,ENSG00000260751,0.250501,37,6
5521,ENSG00000260773,0.158317,5,13
5522,ENSG00000260778,0.360721,85,8
5523,ENSG00000260793,0.116232,0,68
5524,ENSG00000260802,0.166333,1,9
5525,ENSG00000260806,0.136273,3,75
5526,ENSG00000260807,0.272545,6,3
5527,ENSG00000260852,0.132265,0,23
5528,ENSG00000260874,0.232465,0,6
5529,ENSG00000260896,0.388778,4,0
5530,ENSG00000260920,0.168337,1,16
5531,ENSG00000260924,0.198397,22,46
5532,ENSG00000260942,0.188377,15,27
5533,ENSG00000260979,0.234469,16,1
5534,ENSG00000261048,0.226453,9,3
5535,ENSG00000261115,0.146293,1,25
5536,ENSG00000261118,0.232465,7,7
5537,ENSG00000261146,0.310621,2,0
5538,ENSG00000261159,0.290581,75,4
5539,ENSG00000261183,0.150301,21,39
5540,ENSG00000261211,0.208417,0,2
5541,ENSG00000261221,0.12024,0,49
5542,ENSG00000261236,0.320641,67,6
5543,ENSG00000261324,0.196393,2,1
5544,ENSG00000261326,0.318637,53,6
5545,ENSG00000261338,0.280561,0,2
5546,ENSG00000261353,0.402806,66,3
5547,ENSG00000261360,0.292585,56,4
5548,ENSG00000261373,0.430862,35,0
5549,ENSG00000261386,0.282565,39,2
5550,ENSG00000261400,0.146293,0,3
5551,ENSG00000261431,0.326653,49,7
5552,ENSG00000261469,0.152305,0,5
5553,ENSG00000261575,0.144289,0,17
5554,ENSG00000261586,0.150301,0,11
5555,ENSG00000261594,0.270541,1,0
5556,ENSG00000261650,0.200401,1,1
5557,ENSG00000261659,0.126253,0,18
5558,ENSG00000261663,0.190381,27,21
5559,ENSG00000261737,0.318637,0,0
5560,ENSG00000261754,0.172345,0,2
5561,ENSG00000261770,0.240481,1,2
5562,ENSG00000261829,0.200401,4,9
5563,ENSG00000261840,0.116232,0,78
5564,ENSG00000261886,0.456914,99,0
5565,ENSG00000261971,0.152305,6,27
5566,ENSG00000261978,0.266533,17,2
5567,ENSG00000262003,0.376754,41,1
5568,ENSG00000262039,0.204409,14,5
5569,ENSG00000262050,0.216433,0,6
5570,ENSG00000262089,0.132265,0,62
5571,ENSG00000262188,0.262525,6,0
5572,ENSG00000262209,0.184369,3,7
5573,ENSG00000262246,0.130261,9,18
5574,ENSG00000262484,0.170341,20,33
5575,ENSG00000262528,0.324649,8,1
5576,ENSG00000262543,0.166333,0,1
5577,ENSG00000262580,0.176353,6,17
5578,ENSG00000262585,0.196393,0,0
5579,ENSG00000262678,0.278557,3,1
5580,ENSG00000262692,0.292585,21,3
5581,ENSG00000262768,0.278557,1,0
5582,ENSG00000262772,0.188377,3,21
5583,ENSG00000262814,0.280561,41,7
5584,ENSG00000262877,0.11022,0,48
5585,ENSG00000262884,0.114228,0,19
5586,ENSG00000263001,0.138277,39,14
5587,ENSG00000263011,0.282565,54,9
5588,ENSG00000263050,0.180361,0,12
5589,ENSG00000263072,0.204409,23,13
5590,ENSG00000263155,0.388778,57,1
5591,ENSG00000263214,0.146293,0,35
5592,ENSG00000263235,0.156313,1,22
5593,ENSG00000263272,0.178357,9,13
5594,ENSG00000263280,0.312625,31,1
5595,ENSG00000263412,0.262525,23,7
5596,ENSG00000263470,0.529058,96,0
5597,ENSG00000263597,0.126253,0,13
5598,ENSG00000263675,0.156313,0,6
5599,ENSG00000263712,0.194389,0,1
5600,ENSG00000263823,0.380762,8,0
5601,ENSG00000263898,0.144289,0,2
5602,ENSG00000264049,0.174349,0,0
5603,ENSG00000264112,0.190381,2,19
5604,ENSG00000264127,0.158317,1,2
5605,ENSG00000264148,0.180361,0,33
5606,ENSG00000264176,0.152305,0,12
5607,ENSG00000264222,0.186373,0,3
5608,ENSG00000264370,0.108216,0,0
5609,ENSG00000264453,0.368737,11,0
5610,ENSG00000264522,0.184369,2,4
5611,ENSG00000264548,0.232465,35,12
5612,ENSG00000264580,0.252505,1,3
5613,ENSG00000264608,0.142285,1,47
5614,ENSG00000264660,0.308617,1,0
5615,ENSG00000264666,0.314629,23,0
5616,ENSG00000264717,0.242485,3,0
5617,ENSG00000264727,0.174349,0,0
5618,ENSG00000264976,0.108216,0,0
5619,ENSG00000265009,0.336673,18,0
5620,ENSG00000265254,0.140281,13,36
5621,ENSG00000265298,0.212425,15,4
5622,ENSG00000265321,0.148297,0,1
5623,ENSG00000265339,0.132265,0,12
5624,ENSG00000265366,0.176353,4,1
5625,ENSG00000265413,0.186373,4,5
5626,ENSG00000265452,0.150301,0,1
5627,ENSG00000265488,0.130261,0,6
5628,ENSG00000265519,0.330661,112,6
5629,ENSG00000265660,0.228457,17,3
5630,ENSG00000265681,0.11022,0,58
5631,ENSG00000265688,0.112224,0,64
5632,ENSG00000265702,0.300601,1,0
5633,ENSG00000265804,0.276553,14,1
5634,ENSG00000265859,0.268537,1,3
5635,ENSG00000265908,0.174349,2,17
5636,ENSG00000265917,0.116232,0,20
5637,ENSG00000265933,0.102204,0,9
5638,ENSG00000265962,0.162325,0,1
5639,ENSG00000265972,0.206413,3,7
5640,ENSG00000265982,0.122244,0,27
5641,ENSG00000266019,0.152305,0,4
5642,ENSG00000266053,0.224449,5,4
5643,ENSG00000266104,0.188377,0,2
5644,ENSG00000266149,0.174349,1,7
5645,ENSG00000266338,0.188377,2,11
5646,ENSG00000266402,0.162325,16,70
5647,ENSG00000266441,0.242485,13,3
5648,ENSG00000266469,0.138277,3,11
5649,ENSG00000266473,0.318637,56,4
5650,ENSG00000266631,0.264529,3,4
5651,ENSG00000266643,0.108216,0,17
5652,ENSG00000266651,0.206413,2,6
5653,ENSG00000266916,0.148297,0,61
5654,ENSG00000266933,0.154309,0,8
5655,ENSG00000266958,0.220441,0,0
5656,ENSG00000266964,0.282565,31,7
5657,ENSG00000266967,0.174349,5,16
5658,ENSG00000266975,0.178357,0,6
5659,ENSG00000266983,0.270541,3,1
5660,ENSG00000267002,0.234469,12,3
5661,ENSG00000267023,0.144289,37,28
5662,ENSG00000267041,0.282565,3,1
5663,ENSG00000267077,0.55511,59,0
5664,ENSG00000267080,0.136273,0,30
5665,ENSG00000267096,0.266533,26,6
5666,ENSG00000267114,0.276553,31,2
5667,ENSG00000267174,0.148297,17,44
5668,ENSG00000267213,0.148297,1,62
5669,ENSG00000267219,0.416834,38,0
5670,ENSG00000267259,0.180361,18,2
5671,ENSG00000267281,0.140281,4,34
5672,ENSG00000267283,0.210421,18,15
5673,ENSG00000267296,0.162325,6,38
5674,ENSG00000267309,0.184369,1,17
5675,ENSG00000267319,0.166333,0,21
5676,ENSG00000267342,0.158317,2,45
5677,ENSG00000267345,0.314629,0,1
5678,ENSG00000267348,0.200401,0,25
5679,ENSG00000267355,0.220441,26,13
5680,ENSG00000267385,0.168337,0,7
5681,ENSG00000267395,0.182365,6,31
5682,ENSG00000267417,0.152305,0,12
5683,ENSG00000267421,0.140281,11,51
5684,ENSG00000267465,0.160321,2,1
5685,ENSG00000267470,0.152305,0,5
5686,ENSG00000267481,0.126253,0,3
5687,ENSG00000267493,0.338677,26,2
5688,ENSG00000267523,0.196393,27,13
5689,ENSG00000267535,0.156313,1,16
5690,ENSG00000267565,0.162325,2,14
5691,ENSG00000267567,0.228457,11,3
5692,ENSG00000267571,0.208417,2,6
5693,ENSG00000267575,0.124248,0,16
5694,ENSG00000267595,0.172345,2,7
5695,ENSG00000267640,0.242485,41,9
5696,ENSG00000267673,0.190381,41,17
5697,ENSG00000267677,0.168337,0,6
5698,ENSG00000267682,0.176353,1,6
5699,ENSG00000267746,0.180361,0,2
5700,ENSG00000267776,0.212425,1,9
5701,ENSG00000267781,0.296593,3,0
5702,ENSG00000267795,0.148297,5,28
5703,ENSG00000267796,0.188377,5,13
5704,ENSG00000267834,0.140281,2,31
5705,ENSG00000267838,0.108216,1,75
5706,ENSG00000267858,0.158317,3,27
5707,ENSG00000267868,0.114228,0,36
5708,ENSG00000267871,0.122244,0,54
5709,ENSG00000267940,0.184369,4,10
5710,ENSG00000267980,0.170341,6,13
5711,ENSG00000268047,0.216433,7,7
5712,ENSG00000268088,0.186373,2,0
5713,ENSG00000268095,0.332665,57,0
5714,ENSG00000268189,0.140281,12,41
5715,ENSG00000268262,0.430862,49,1
5716,ENSG00000268362,0.152305,0,0
5717,ENSG00000268379,0.294589,5,0
5718,ENSG00000268521,0.204409,11,5
5719,ENSG00000268555,0.400802,5,0
5720,ENSG00000268592,0.242485,0,1
5721,ENSG00000268670,0.204409,6,7
5722,ENSG00000268678,0.344689,7,0
5723,ENSG00000268686,0.264529,0,0
5724,ENSG00000268707,0.162325,0,13
5725,ENSG00000268747,0.220441,1,2
5726,ENSG00000268751,0.150301,11,29
5727,ENSG00000268884,0.230461,6,6
5728,ENSG00000268903,0.114228,0,24
5729,ENSG00000268906,0.142285,0,12
5730,ENSG00000268938,0.222445,24,20
5731,ENSG00000268945,0.230461,20,8
5732,ENSG00000269009,0.342685,32,2
5733,ENSG00000269044,0.106212,0,26
5734,ENSG00000269086,0.166333,1,24
5735,ENSG00000269176,0.102204,0,55
5736,ENSG00000269190,0.356713,84,14
5737,ENSG00000269191,0.210421,3,6
5738,ENSG00000269242,0.254509,2,0
5739,ENSG00000269246,0.468938,84,0
5740,ENSG00000269293,0.106212,3,149
5741,ENSG00000269343,0.144289,0,2
5742,ENSG00000269356,0.138277,0,7
5743,ENSG00000269386,0.278557,57,3
5744,ENSG00000269388,0.470942,50,1
5745,ENSG00000269399,0.224449,22,13
5746,ENSG00000269540,0.192385,1,0
5747,ENSG00000269609,0.320641,78,6
5748,ENSG00000269640,0.246493,20,11
5749,ENSG00000269646,0.124248,2,53
5750,ENSG00000269713,0.208417,4,8
5751,ENSG00000269834,0.390782,79,0
5752,ENSG00000269843,0.146293,0,3
5753,ENSG00000269858,0.124248,16,81
5754,ENSG00000269867,0.170341,1,3
5755,ENSG00000269888,0.172345,5,12
5756,ENSG00000269893,0.278557,18,12
5757,ENSG00000269916,0.396794,9,0
5758,ENSG00000269918,0.12024,0,22
5759,ENSG00000269947,0.130261,6,42
5760,ENSG00000269978,0.248497,1,2
5761,ENSG00000269981,0.218437,1,1
5762,ENSG00000269982,0.150301,0,32
5763,ENSG00000270006,0.128257,2,88
5764,ENSG00000270010,0.202405,9,14
5765,ENSG00000270011,0.41483,69,0
5766,ENSG00000270035,0.154309,0,41
5767,ENSG00000270061,0.174349,1,7
5768,ENSG00000270093,0.130261,0,4
5769,ENSG00000270115,0.344689,55,1
5770,ENSG00000270133,0.188377,0,9
5771,ENSG00000270147,0.256513,18,3
5772,ENSG00000270157,0.240481,7,0
5773,ENSG00000270170,0.290581,69,9
5774,ENSG00000270175,0.342685,87,1
5775,ENSG00000270178,0.344689,56,1
5776,ENSG00000270179,0.112224,0,63
5777,ENSG00000270231,0.462926,91,0
5778,ENSG00000270289,0.254509,0,2
5779,ENSG00000270371,0.198397,0,5
5780,ENSG00000270557,0.406814,84,1
5781,ENSG00000270578,0.258517,20,2
5782,ENSG00000270605,0.248497,8,12
5783,ENSG00000270647,0.214429,0,6
5784,ENSG00000270689,0.198397,1,15
5785,ENSG00000270720,0.216433,25,6
5786,ENSG00000270761,0.114228,7,134
5787,ENSG00000270804,0.112224,0,71
5788,ENSG00000270820,0.158317,0,8
5789,ENSG00000270876,0.240481,4,2
5790,ENSG00000270882,0.172345,0,8
5791,ENSG00000270923,0.288577,17,1
5792,ENSG00000270933,0.272545,49,6
5793,ENSG00000270951,0.148297,0,51
5794,ENSG00000270996,0.158317,0,10
5795,ENSG00000271032,0.228457,11,5
5796,ENSG00000271070,0.204409,1,2
5797,ENSG00000271122,0.152305,0,8
5798,ENSG00000271133,0.236473,1,12
5799,ENSG00000271138,0.202405,0,10
5800,ENSG00000271151,0.204409,8,14
5801,ENSG00000271200,0.402806,121,1
5802,ENSG00000271270,0.42485,54,1
5803,ENSG00000271320,0.134269,0,38
5804,ENSG00000271335,0.252505,5,2
5805,ENSG00000271384,0.124248,5,61
5806,ENSG00000271420,0.156313,7,39
5807,ENSG00000271427,0.160321,2,18
5808,ENSG00000271452,0.168337,16,10
5809,ENSG00000271553,0.230461,9,1
5810,ENSG00000271576,0.268537,20,2
5811,ENSG00000271602,0.356713,3,0
5812,ENSG00000271659,0.142285,2,38
5813,ENSG00000271737,0.108216,8,150
5814,ENSG00000271780,0.148297,0,25
5815,ENSG00000271788,0.160321,0,12
5816,ENSG00000271821,0.232465,3,5
5817,ENSG00000271833,0.142285,0,10
5818,ENSG00000271850,0.12024,0,13
5819,ENSG00000271855,0.134269,2,33
5820,ENSG00000271870,0.172345,0,35
5821,ENSG00000271895,0.204409,12,6
5822,ENSG00000271916,0.322645,26,1
5823,ENSG00000271918,0.188377,18,12
5824,ENSG00000271936,0.196393,0,6
5825,ENSG00000271941,0.266533,47,3
5826,ENSG00000271959,0.148297,0,5
5827,ENSG00000271971,0.146293,0,52
5828,ENSG00000271973,0.286573,31,4
5829,ENSG00000271983,0.158317,1,42
5830,ENSG00000271993,0.284569,29,2
5831,ENSG00000272030,0.176353,0,34
5832,ENSG00000272057,0.150301,5,26
5833,ENSG00000272088,0.144289,0,13
5834,ENSG00000272102,0.254509,1,0
5835,ENSG00000272138,0.232465,0,4
5836,ENSG00000272143,0.218437,13,21
5837,ENSG00000272144,0.192385,5,17
5838,ENSG00000272145,0.270541,34,8
5839,ENSG00000272155,0.160321,10,12
5840,ENSG00000272170,0.266533,39,8
5841,ENSG00000272172,0.342685,85,3
5842,ENSG00000272186,0.184369,2,16
5843,ENSG00000272217,0.224449,16,19
5844,ENSG00000272223,0.138277,0,95
5845,ENSG00000272240,0.122244,0,26
5846,ENSG00000272243,0.184369,2,1
5847,ENSG00000272301,0.406814,121,0
5848,ENSG00000272312,0.196393,0,23
5849,ENSG00000272320,0.172345,0,6
5850,ENSG00000272325,0.184369,0,3
5851,ENSG00000272335,0.132265,0,4
5852,ENSG00000272338,0.230461,8,8
5853,ENSG00000272366,0.158317,0,15
5854,ENSG00000272374,0.166333,10,19
5855,ENSG00000272391,0.274549,27,3
5856,ENSG00000272411,0.112224,0,107
5857,ENSG00000272425,0.188377,1,24
5858,ENSG00000272444,0.294589,51,3
5859,ENSG00000272455,0.332665,66,4
5860,ENSG00000272482,0.168337,4,10
5861,ENSG00000272518,0.198397,2,2
5862,ENSG00000272562,0.208417,0,8
5863,ENSG00000272574,0.132265,0,9
5864,ENSG00000272599,0.280561,28,2
5865,ENSG00000272602,0.242485,3,0
5866,ENSG00000272634,0.296593,2,0
5867,ENSG00000272644,0.144289,6,53
5868,ENSG00000272667,0.186373,0,12
5869,ENSG00000272677,0.292585,57,6
5870,ENSG00000272691,0.218437,1,2
5871,ENSG00000272692,0.148297,0,37
5872,ENSG00000272696,0.130261,0,72
5873,ENSG00000272702,0.388778,125,2
5874,ENSG00000272711,0.286573,3,1
5875,ENSG00000272720,0.234469,9,11
5876,ENSG00000272724,0.196393,1,6
5877,ENSG00000272732,0.416834,94,1
5878,ENSG00000272734,0.308617,20,3
5879,ENSG00000272752,0.154309,5,32
5880,ENSG00000272764,0.146293,1,28
5881,ENSG00000272787,0.166333,1,34
5882,ENSG00000272798,0.224449,1,1
5883,ENSG00000272807,0.124248,0,38
5884,ENSG00000272831,0.152305,19,38
5885,ENSG00000272849,0.326653,36,7
5886,ENSG00000272864,0.250501,2,2
5887,ENSG00000272872,0.150301,1,6
5888,ENSG00000272894,0.599198,239,0
5889,ENSG00000272927,0.212425,4,19
5890,ENSG00000272942,0.284569,3,2
5891,ENSG00000272945,0.164329,0,16
5892,ENSG00000272948,0.282565,19,5
5893,ENSG00000272953,0.130261,3,78
5894,ENSG00000272954,0.298597,17,3
5895,ENSG00000272994,0.204409,31,20
5896,ENSG00000273008,0.308617,20,3
5897,ENSG00000273014,0.174349,0,11
5898,ENSG00000273032,0.346693,1,1
5899,ENSG00000273051,0.160321,0,7
5900,ENSG00000273056,0.234469,3,0
5901,ENSG00000273096,0.136273,0,46
5902,ENSG00000273100,0.134269,0,1
5903,ENSG00000273139,0.180361,8,12
5904,ENSG00000273148,0.140281,2,37
5905,ENSG00000273179,0.216433,1,18
5906,ENSG00000273212,0.192385,29,10
5907,ENSG00000273237,0.166333,0,0
5908,ENSG00000273248,0.392786,116,4
5909,ENSG00000273249,0.188377,4,15
5910,ENSG00000273265,0.118236,0,24
5911,ENSG00000273306,0.156313,0,14
5912,ENSG00000273314,0.232465,0,4
5913,ENSG00000273325,0.150301,0,1
5914,ENSG00000273329,0.340681,57,4
5915,ENSG00000273344,0.170341,2,38
5916,ENSG00000273366,0.192385,1,32
5917,ENSG00000273373,0.246493,28,2
5918,ENSG00000273448,0.138277,0,27
5919,ENSG00000273449,0.308617,30,1
5920,ENSG00000273456,0.166333,7,12
5921,ENSG00000273473,0.118236,0,28
5922,ENSG00000273474,0.176353,2,14
5923,ENSG00000273486,0.220441,2,0
5924,ENSG00000273542,0.142285,0,0
5925,ENSG00000273568,0.280561,36,1
5926,ENSG00000273604,0.190381,2,17
5927,ENSG00000273619,0.264529,56,10
5928,ENSG00000273677,0.208417,0,0
5929,ENSG00000273687,0.152305,0,21
5930,ENSG00000273723,0.176353,1,38
5931,ENSG00000273749,0.104208,0,19
5932,ENSG00000273750,0.246493,2,0
5933,ENSG00000273759,0.282565,58,8
5934,ENSG00000273765,0.196393,5,10
5935,ENSG00000273821,0.162325,5,24
5936,ENSG00000273823,0.162325,0,20
5937,ENSG00000273855,0.280561,5,0
5938,ENSG00000273899,0.192385,16,32
5939,ENSG00000273920,0.178357,0,1
5940,ENSG00000273973,0.144289,3,26
5941,ENSG00000273980,0.168337,1,43
5942,ENSG00000273998,0.264529,2,1
5943,ENSG00000274020,0.154309,5,36
5944,ENSG00000274213,0.220441,27,17
5945,ENSG00000274225,0.238477,4,3
5946,ENSG00000274251,0.158317,1,5
5947,ENSG00000274272,0.114228,4,84
5948,ENSG00000274276,0.168337,0,1
5949,ENSG00000274308,0.178357,0,43
5950,ENSG00000274326,0.160321,0,20
5951,ENSG00000274356,0.482966,88,0
5952,ENSG00000274363,0.158317,1,54
5953,ENSG00000274372,0.230461,13,11
5954,ENSG00000274383,0.202405,22,10
5955,ENSG00000274447,0.216433,0,4
5956,ENSG00000274460,0.216433,17,11
5957,ENSG00000274471,0.140281,0,32
5958,ENSG00000274494,0.308617,14,0
5959,ENSG00000274499,0.168337,4,3
5960,ENSG00000274549,0.164329,0,7
5961,ENSG00000274605,0.160321,3,27
5962,ENSG00000274685,0.388778,22,0
5963,ENSG00000274712,0.170341,0,16
5964,ENSG00000274750,0.132265,0,15
5965,ENSG00000274827,0.198397,0,1
5966,ENSG00000274892,0.228457,6,4
5967,ENSG00000274897,0.200401,3,23
5968,ENSG00000274898,0.186373,0,16
5969,ENSG00000274925,0.519038,143,0
5970,ENSG00000274978,0.188377,0,0
5971,ENSG00000274979,0.196393,1,3
5972,ENSG00000275005,0.234469,9,1
5973,ENSG00000275027,0.232465,2,8
5974,ENSG00000275029,0.182365,2,17
5975,ENSG00000275052,0.106212,5,80
5976,ENSG00000275070,0.132265,0,40
5977,ENSG00000275174,0.12024,0,3
5978,ENSG00000275180,0.318637,56,4
5979,ENSG00000275191,0.204409,1,11
5980,ENSG00000275223,0.244489,0,2
5981,ENSG00000275234,0.170341,31,28
5982,ENSG00000275236,0.300601,9,2
5983,ENSG00000275312,0.204409,1,0
5984,ENSG00000275385,0.146293,0,1
5985,ENSG00000275457,0.216433,19,6
5986,ENSG00000275476,0.122244,0,33
5987,ENSG00000275479,0.104208,0,238
5988,ENSG00000275481,0.238477,37,11
5989,ENSG00000275484,0.344689,110,8
5990,ENSG00000275494,0.132265,8,49
5991,ENSG00000275542,0.270541,65,8
5992,ENSG00000275549,0.128257,1,98
5993,ENSG00000275632,0.132265,2,92
5994,ENSG00000275645,0.222445,44,7
5995,ENSG00000275700,0.174349,15,16
5996,ENSG00000275734,0.230461,0,4
5997,ENSG00000275807,0.208417,16,26
5998,ENSG00000275832,0.230461,42,15
5999,ENSG00000275833,0.140281,0,39
6000,ENSG00000275847,0.128257,0,0
6001,ENSG00000275874,0.188377,0,1
6002,ENSG00000275936,0.170341,4,14
6003,ENSG00000275965,0.206413,0,2
6004,ENSG00000275966,0.360721,103,2
6005,ENSG00000275995,0.178357,0,16
6006,ENSG00000276030,0.108216,2,88
6007,ENSG00000276071,0.278557,35,4
6008,ENSG00000276136,0.134269,1,41
6009,ENSG00000276148,0.220441,38,12
6010,ENSG00000276250,0.144289,4,24
6011,ENSG00000276325,0.216433,0,2
6012,ENSG00000276384,0.230461,20,8
6013,ENSG00000276390,0.152305,0,23
6014,ENSG00000276434,0.224449,0,0
6015,ENSG00000276445,0.138277,0,21
6016,ENSG00000276488,0.174349,7,8
6017,ENSG00000276545,0.236473,1,3
6018,ENSG00000276547,0.378758,7,0
6019,ENSG00000276550,0.128257,0,40
6020,ENSG00000276571,0.202405,2,12
6021,ENSG00000276575,0.128257,0,3
6022,ENSG00000276672,0.190381,1,2
6023,ENSG00000276698,0.156313,8,13
6024,ENSG00000276728,0.250501,53,12
6025,ENSG00000276810,0.144289,0,15
6026,ENSG00000276855,0.310621,14,4
6027,ENSG00000276966,0.118236,0,28
6028,ENSG00000276967,0.284569,6,0
6029,ENSG00000276984,0.154309,0,21
6030,ENSG00000277128,0.112224,0,15
6031,ENSG00000277218,0.304609,53,1
6032,ENSG00000277290,0.300601,23,0
6033,ENSG00000277383,0.198397,22,28
6034,ENSG00000277542,0.108216,0,36
6035,ENSG00000277573,0.192385,0,1
6036,ENSG00000277597,0.154309,26,16
6037,ENSG00000277715,0.166333,4,30
6038,ENSG00000277728,0.124248,0,32
6039,ENSG00000277744,0.230461,21,7
6040,ENSG00000277791,0.1002,3,177
6041,ENSG00000277846,0.116232,0,0
6042,ENSG00000277893,0.300601,69,7
6043,ENSG00000277959,0.118236,1,25
6044,ENSG00000277966,0.158317,0,3
6045,ENSG00000277969,0.184369,22,40
6046,ENSG00000277972,0.172345,23,12
6047,ENSG00000277978,0.278557,33,0
6048,ENSG00000278029,0.388778,38,2
6049,ENSG00000278175,0.190381,1,12
6050,ENSG00000278212,0.190381,0,4
6051,ENSG00000278267,0.146293,0,29
6052,ENSG00000278311,0.124248,19,21
6053,ENSG00000278376,0.146293,8,20
6054,ENSG00000278383,0.154309,0,24
6055,ENSG00000278448,0.216433,0,9
6056,ENSG00000278467,0.154309,1,10
6057,ENSG00000278524,0.132265,0,3
6058,ENSG00000278540,0.314629,41,2
6059,ENSG00000278592,0.152305,0,32
6060,ENSG00000278642,0.154309,0,17
6061,ENSG00000278730,0.176353,0,2
6062,ENSG00000278784,0.114228,0,52
6063,ENSG00000278876,0.228457,47,23
6064,ENSG00000278888,0.152305,1,49
6065,ENSG00000278921,0.146293,0,2
6066,ENSG00000278934,0.162325,0,2
6067,ENSG00000278939,0.132265,0,6
6068,ENSG00000278947,0.288577,21,3
6069,ENSG00000278948,0.278557,5,5
6070,ENSG00000279044,0.136273,0,20
6071,ENSG00000279069,0.152305,0,26
6072,ENSG00000279088,0.286573,51,3
6073,ENSG00000279140,0.354709,87,5
6074,ENSG00000279199,0.274549,44,6
6075,ENSG00000279255,0.174349,2,0
6076,ENSG00000279265,0.230461,2,3
6077,ENSG00000279329,0.138277,0,30
6078,ENSG00000279330,0.412826,71,0
6079,ENSG00000279407,0.238477,33,12
6080,ENSG00000279418,0.180361,0,12
6081,ENSG00000279452,0.396794,73,2
6082,ENSG00000279453,0.154309,11,31
6083,ENSG00000279496,0.150301,9,22
6084,ENSG00000279508,0.298597,2,0
6085,ENSG00000279511,0.214429,2,2
6086,ENSG00000279528,0.148297,1,49
6087,ENSG00000279529,0.511022,112,0
6088,ENSG00000279539,0.278557,7,0
6089,ENSG00000279602,0.148297,0,0
6090,ENSG00000279605,0.166333,31,22
6091,ENSG00000279628,0.246493,4,0
6092,ENSG00000279689,0.382766,59,0
6093,ENSG00000279696,0.248497,20,5
6094,ENSG00000279716,0.136273,3,31
6095,ENSG00000279759,0.182365,3,6
6096,ENSG00000279789,0.286573,65,8
6097,ENSG00000279799,0.370741,112,5
6098,ENSG00000279837,0.386774,40,0
6099,ENSG00000279858,0.292585,3,0
6100,ENSG00000279873,0.228457,26,6
6101,ENSG00000279900,0.154309,1,29
6102,ENSG00000279926,0.200401,25,15
6103,ENSG00000279930,0.202405,0,4
6104,ENSG00000279954,0.318637,13,0
6105,ENSG00000279968,0.408818,55,1
6106,ENSG00000279989,0.186373,5,6
6107,ENSG00000280022,0.222445,3,0
6108,ENSG00000280071,0.136273,0,24
6109,ENSG00000280106,0.134269,0,1
6110,ENSG00000280111,0.124248,0,8
6111,ENSG00000280123,0.208417,14,1
6112,ENSG00000280149,0.132265,0,37
6113,ENSG00000280195,0.184369,0,9
6114,ENSG00000280202,0.148297,0,28
6115,ENSG00000280231,0.156313,1,1
6116,ENSG00000280239,0.146293,1,27
6117,ENSG00000280287,0.238477,1,2
6118,ENSG00000280336,0.328657,0,0
6119,ENSG00000280366,0.282565,1,1
6120,ENSG00000280378,0.242485,6,4
6121,ENSG00000280605,0.116232,0,66
6122,ENSG00000280623,0.202405,0,7
6123,ENSG00000280649,0.176353,11,15
6124,ENSG00000280727,0.40481,3,0
6125,ENSG00000280753,0.104208,0,57
6126,ENSG00000280789,0.106212,0,58
6127,ENSG00000280927,0.402806,80,1
6128,ENSG00000280992,0.172345,1,20
6129,ENSG00000281126,0.124248,0,11
6130,ENSG00000281398,0.204409,1,17
6131,ENSG00000281433,0.136273,1,20
6132,ENSG00000281555,0.178357,0,5
6133,ENSG00000281571,0.172345,3,34
6134,ENSG00000281584,0.222445,4,2
6135,ENSG00000281591,0.336673,3,0
6136,ENSG00000281741,0.146293,0,0
6137,ENSG00000281906,0.114228,0,0
